UF,ALIQUOTA_ICMS,VIGENCIA_INICIO,FONTE,OBS
AC,19%,2024-01-01,RICMS-AC (modal),
AL,19%,2024-01-01,RICMS-AL (modal pura),Medicamentos isentos de FECOEP: CMED usa a alíquota sem o adicional
AL,"20,5%",2026-04-01,Lei AL 9.776/2025,Medicamentos isentos de FECOEP
AM,20%,2023-01-01,RICMS-AM,
AP,18%,2023-01-01,RICMS-AP,
BA,"20,5%",2024-01-01,RICMS-BA,
CE,20%,2024-01-01,RICMS-CE,
DF,18%,2023-01-01,RICMS-DF (modal),
DF,20%,2024-01-21,Lei DF 7.326/2023,
ES,17%,2023-01-01,RICMS-ES,
GO,19%,2024-01-01,RICMS-GO,
MA,22%,2023-01-01,RICMS-MA,Alíquota anterior à Lei MA 2025; início aproximado
MA,23%,2025-02-23,Lei MA 2025 (22 para 23),
MG,18%,2023-01-01,RICMS-MG,
MS,17%,2023-01-01,RICMS-MS,
MT,17%,2023-01-01,RICMS-MT,
PA,19%,2024-01-01,RICMS-PA,
PB,20%,2024-01-01,RICMS-PB,
PE,"20,5%",2024-01-01,RICMS-PE,
PI,21%,2023-01-01,RICMS-PI,Alíquota anterior à Lei PI 8558/2024; início aproximado
PI,"22,5%",2025-04-01,Lei PI 8558/2024,
PR,"19,5%",2024-01-01,RICMS-PR,
RJ,22%,2024-03-20,RICMS-RJ (20% + 2% FECP),CONFIRMAR: se CMED usa modal pura = 20%
RN,18%,2023-01-01,RICMS-RN,Alíquota anterior à Lei RN 2025; início aproximado
RN,20%,2025-03-20,Lei RN 2025 (18 para 20),
RO,"19,5%",2024-01-01,RICMS-RO,
RR,20%,2024-01-01,RICMS-RR,
RS,17%,2023-01-01,RICMS-RS,
SC,17%,2023-01-01,RICMS-SC,
SP,18%,2023-01-01,RICMS-SP,
SE,19%,2023-01-01,RICMS-SE (modal; CMED usa modal pura),Medicamentos isentos de FUNPOBREZA
TO,20%,2024-01-01,RICMS-TO,
