CHAVE_ALIQUOTA,COMPETENCIA,COMPETENCIA_DATA,ALIQUOTA_ICMS,ALIQUOTA_ICMS_PCT,QTD_UFS,UFS
2023-01|17%,2023-01,2023-01-01,17%,0.17,5,"ES, MS, MT, RS, SC"
2023-01|18%,2023-01,2023-01-01,18%,0.18,5,"AP, DF, MG, RN, SP"
2023-01|19%,2023-01,2023-01-01,19%,0.19,1,SE
2023-01|20%,2023-01,2023-01-01,20%,0.2,1,AM
2023-01|21%,2023-01,2023-01-01,21%,0.21,1,PI
2023-01|22%,2023-01,2023-01-01,22%,0.22,1,MA
2023-02|17%,2023-02,2023-02-01,17%,0.17,5,"ES, MS, MT, RS, SC"
2023-02|18%,2023-02,2023-02-01,18%,0.18,5,"AP, DF, MG, RN, SP"
2023-02|19%,2023-02,2023-02-01,19%,0.19,1,SE
2023-02|20%,2023-02,2023-02-01,20%,0.2,1,AM
2023-02|21%,2023-02,2023-02-01,21%,0.21,1,PI
2023-02|22%,2023-02,2023-02-01,22%,0.22,1,MA
2023-03|17%,2023-03,2023-03-01,17%,0.17,5,"ES, MS, MT, RS, SC"
2023-03|18%,2023-03,2023-03-01,18%,0.18,5,"AP, DF, MG, RN, SP"
2023-03|19%,2023-03,2023-03-01,19%,0.19,1,SE
2023-03|20%,2023-03,2023-03-01,20%,0.2,1,AM
2023-03|21%,2023-03,2023-03-01,21%,0.21,1,PI
2023-03|22%,2023-03,2023-03-01,22%,0.22,1,MA
2023-04|17%,2023-04,2023-04-01,17%,0.17,5,"ES, MS, MT, RS, SC"
2023-04|18%,2023-04,2023-04-01,18%,0.18,5,"AP, DF, MG, RN, SP"
2023-04|19%,2023-04,2023-04-01,19%,0.19,1,SE
2023-04|20%,2023-04,2023-04-01,20%,0.2,1,AM
2023-04|21%,2023-04,2023-04-01,21%,0.21,1,PI
2023-04|22%,2023-04,2023-04-01,22%,0.22,1,MA
2023-05|17%,2023-05,2023-05-01,17%,0.17,5,"ES, MS, MT, RS, SC"
2023-05|18%,2023-05,2023-05-01,18%,0.18,5,"AP, DF, MG, RN, SP"
2023-05|19%,2023-05,2023-05-01,19%,0.19,1,SE
2023-05|20%,2023-05,2023-05-01,20%,0.2,1,AM
2023-05|21%,2023-05,2023-05-01,21%,0.21,1,PI
2023-05|22%,2023-05,2023-05-01,22%,0.22,1,MA
2023-06|17%,2023-06,2023-06-01,17%,0.17,5,"ES, MS, MT, RS, SC"
2023-06|18%,2023-06,2023-06-01,18%,0.18,5,"AP, DF, MG, RN, SP"
2023-06|19%,2023-06,2023-06-01,19%,0.19,1,SE
2023-06|20%,2023-06,2023-06-01,20%,0.2,1,AM
2023-06|21%,2023-06,2023-06-01,21%,0.21,1,PI
2023-06|22%,2023-06,2023-06-01,22%,0.22,1,MA
2023-07|17%,2023-07,2023-07-01,17%,0.17,5,"ES, MS, MT, RS, SC"
2023-07|18%,2023-07,2023-07-01,18%,0.18,5,"AP, DF, MG, RN, SP"
2023-07|19%,2023-07,2023-07-01,19%,0.19,1,SE
2023-07|20%,2023-07,2023-07-01,20%,0.2,1,AM
2023-07|21%,2023-07,2023-07-01,21%,0.21,1,PI
2023-07|22%,2023-07,2023-07-01,22%,0.22,1,MA
2023-08|17%,2023-08,2023-08-01,17%,0.17,5,"ES, MS, MT, RS, SC"
2023-08|18%,2023-08,2023-08-01,18%,0.18,5,"AP, DF, MG, RN, SP"
2023-08|19%,2023-08,2023-08-01,19%,0.19,1,SE
2023-08|20%,2023-08,2023-08-01,20%,0.2,1,AM
2023-08|21%,2023-08,2023-08-01,21%,0.21,1,PI
2023-08|22%,2023-08,2023-08-01,22%,0.22,1,MA
2023-09|17%,2023-09,2023-09-01,17%,0.17,5,"ES, MS, MT, RS, SC"
2023-09|18%,2023-09,2023-09-01,18%,0.18,5,"AP, DF, MG, RN, SP"
2023-09|19%,2023-09,2023-09-01,19%,0.19,1,SE
2023-09|20%,2023-09,2023-09-01,20%,0.2,1,AM
2023-09|21%,2023-09,2023-09-01,21%,0.21,1,PI
2023-09|22%,2023-09,2023-09-01,22%,0.22,1,MA
2023-10|17%,2023-10,2023-10-01,17%,0.17,5,"ES, MS, MT, RS, SC"
2023-10|18%,2023-10,2023-10-01,18%,0.18,5,"AP, DF, MG, RN, SP"
2023-10|19%,2023-10,2023-10-01,19%,0.19,1,SE
2023-10|20%,2023-10,2023-10-01,20%,0.2,1,AM
2023-10|21%,2023-10,2023-10-01,21%,0.21,1,PI
2023-10|22%,2023-10,2023-10-01,22%,0.22,1,MA
2023-11|17%,2023-11,2023-11-01,17%,0.17,5,"ES, MS, MT, RS, SC"
2023-11|18%,2023-11,2023-11-01,18%,0.18,5,"AP, DF, MG, RN, SP"
2023-11|19%,2023-11,2023-11-01,19%,0.19,1,SE
2023-11|20%,2023-11,2023-11-01,20%,0.2,1,AM
2023-11|21%,2023-11,2023-11-01,21%,0.21,1,PI
2023-11|22%,2023-11,2023-11-01,22%,0.22,1,MA
2023-12|17%,2023-12,2023-12-01,17%,0.17,5,"ES, MS, MT, RS, SC"
2023-12|18%,2023-12,2023-12-01,18%,0.18,5,"AP, DF, MG, RN, SP"
2023-12|19%,2023-12,2023-12-01,19%,0.19,1,SE
2023-12|20%,2023-12,2023-12-01,20%,0.2,1,AM
2023-12|21%,2023-12,2023-12-01,21%,0.21,1,PI
2023-12|22%,2023-12,2023-12-01,22%,0.22,1,MA
2024-01|17%,2024-01,2024-01-01,17%,0.17,5,"ES, MS, MT, RS, SC"
2024-01|18%,2024-01,2024-01-01,18%,0.18,5,"AP, DF, MG, RN, SP"
2024-01|19%,2024-01,2024-01-01,19%,0.19,5,"AC, AL, GO, PA, SE"
"2024-01|19,5%",2024-01,2024-01-01,"19,5%",0.195,2,"PR, RO"
2024-01|20%,2024-01,2024-01-01,20%,0.2,5,"AM, CE, PB, RR, TO"
"2024-01|20,5%",2024-01,2024-01-01,"20,5%",0.205,2,"BA, PE"
2024-01|21%,2024-01,2024-01-01,21%,0.21,1,PI
2024-01|22%,2024-01,2024-01-01,22%,0.22,1,MA
2024-02|17%,2024-02,2024-02-01,17%,0.17,5,"ES, MS, MT, RS, SC"
2024-02|18%,2024-02,2024-02-01,18%,0.18,4,"AP, MG, RN, SP"
2024-02|19%,2024-02,2024-02-01,19%,0.19,5,"AC, AL, GO, PA, SE"
"2024-02|19,5%",2024-02,2024-02-01,"19,5%",0.195,2,"PR, RO"
2024-02|20%,2024-02,2024-02-01,20%,0.2,6,"AM, CE, DF, PB, RR, TO"
"2024-02|20,5%",2024-02,2024-02-01,"20,5%",0.205,2,"BA, PE"
2024-02|21%,2024-02,2024-02-01,21%,0.21,1,PI
2024-02|22%,2024-02,2024-02-01,22%,0.22,1,MA
2024-03|17%,2024-03,2024-03-01,17%,0.17,5,"ES, MS, MT, RS, SC"
2024-03|18%,2024-03,2024-03-01,18%,0.18,4,"AP, MG, RN, SP"
2024-03|19%,2024-03,2024-03-01,19%,0.19,5,"AC, AL, GO, PA, SE"
"2024-03|19,5%",2024-03,2024-03-01,"19,5%",0.195,2,"PR, RO"
2024-03|20%,2024-03,2024-03-01,20%,0.2,6,"AM, CE, DF, PB, RR, TO"
"2024-03|20,5%",2024-03,2024-03-01,"20,5%",0.205,2,"BA, PE"
2024-03|21%,2024-03,2024-03-01,21%,0.21,1,PI
2024-03|22%,2024-03,2024-03-01,22%,0.22,1,MA
2024-04|17%,2024-04,2024-04-01,17%,0.17,5,"ES, MS, MT, RS, SC"
2024-04|18%,2024-04,2024-04-01,18%,0.18,4,"AP, MG, RN, SP"
2024-04|19%,2024-04,2024-04-01,19%,0.19,5,"AC, AL, GO, PA, SE"
"2024-04|19,5%",2024-04,2024-04-01,"19,5%",0.195,2,"PR, RO"
2024-04|20%,2024-04,2024-04-01,20%,0.2,6,"AM, CE, DF, PB, RR, TO"
"2024-04|20,5%",2024-04,2024-04-01,"20,5%",0.205,2,"BA, PE"
2024-04|21%,2024-04,2024-04-01,21%,0.21,1,PI
2024-04|22%,2024-04,2024-04-01,22%,0.22,2,"MA, RJ"
2024-05|17%,2024-05,2024-05-01,17%,0.17,5,"ES, MS, MT, RS, SC"
2024-05|18%,2024-05,2024-05-01,18%,0.18,4,"AP, MG, RN, SP"
2024-05|19%,2024-05,2024-05-01,19%,0.19,5,"AC, AL, GO, PA, SE"
"2024-05|19,5%",2024-05,2024-05-01,"19,5%",0.195,2,"PR, RO"
2024-05|20%,2024-05,2024-05-01,20%,0.2,6,"AM, CE, DF, PB, RR, TO"
"2024-05|20,5%",2024-05,2024-05-01,"20,5%",0.205,2,"BA, PE"
2024-05|21%,2024-05,2024-05-01,21%,0.21,1,PI
2024-05|22%,2024-05,2024-05-01,22%,0.22,2,"MA, RJ"
2024-06|17%,2024-06,2024-06-01,17%,0.17,5,"ES, MS, MT, RS, SC"
2024-06|18%,2024-06,2024-06-01,18%,0.18,4,"AP, MG, RN, SP"
2024-06|19%,2024-06,2024-06-01,19%,0.19,5,"AC, AL, GO, PA, SE"
"2024-06|19,5%",2024-06,2024-06-01,"19,5%",0.195,2,"PR, RO"
2024-06|20%,2024-06,2024-06-01,20%,0.2,6,"AM, CE, DF, PB, RR, TO"
"2024-06|20,5%",2024-06,2024-06-01,"20,5%",0.205,2,"BA, PE"
2024-06|21%,2024-06,2024-06-01,21%,0.21,1,PI
2024-06|22%,2024-06,2024-06-01,22%,0.22,2,"MA, RJ"
2024-07|17%,2024-07,2024-07-01,17%,0.17,5,"ES, MS, MT, RS, SC"
2024-07|18%,2024-07,2024-07-01,18%,0.18,4,"AP, MG, RN, SP"
2024-07|19%,2024-07,2024-07-01,19%,0.19,5,"AC, AL, GO, PA, SE"
"2024-07|19,5%",2024-07,2024-07-01,"19,5%",0.195,2,"PR, RO"
2024-07|20%,2024-07,2024-07-01,20%,0.2,6,"AM, CE, DF, PB, RR, TO"
"2024-07|20,5%",2024-07,2024-07-01,"20,5%",0.205,2,"BA, PE"
2024-07|21%,2024-07,2024-07-01,21%,0.21,1,PI
2024-07|22%,2024-07,2024-07-01,22%,0.22,2,"MA, RJ"
2024-08|17%,2024-08,2024-08-01,17%,0.17,5,"ES, MS, MT, RS, SC"
2024-08|18%,2024-08,2024-08-01,18%,0.18,4,"AP, MG, RN, SP"
2024-08|19%,2024-08,2024-08-01,19%,0.19,5,"AC, AL, GO, PA, SE"
"2024-08|19,5%",2024-08,2024-08-01,"19,5%",0.195,2,"PR, RO"
2024-08|20%,2024-08,2024-08-01,20%,0.2,6,"AM, CE, DF, PB, RR, TO"
"2024-08|20,5%",2024-08,2024-08-01,"20,5%",0.205,2,"BA, PE"
2024-08|21%,2024-08,2024-08-01,21%,0.21,1,PI
2024-08|22%,2024-08,2024-08-01,22%,0.22,2,"MA, RJ"
2024-09|17%,2024-09,2024-09-01,17%,0.17,5,"ES, MS, MT, RS, SC"
2024-09|18%,2024-09,2024-09-01,18%,0.18,4,"AP, MG, RN, SP"
2024-09|19%,2024-09,2024-09-01,19%,0.19,5,"AC, AL, GO, PA, SE"
"2024-09|19,5%",2024-09,2024-09-01,"19,5%",0.195,2,"PR, RO"
2024-09|20%,2024-09,2024-09-01,20%,0.2,6,"AM, CE, DF, PB, RR, TO"
"2024-09|20,5%",2024-09,2024-09-01,"20,5%",0.205,2,"BA, PE"
2024-09|21%,2024-09,2024-09-01,21%,0.21,1,PI
2024-09|22%,2024-09,2024-09-01,22%,0.22,2,"MA, RJ"
2024-10|17%,2024-10,2024-10-01,17%,0.17,5,"ES, MS, MT, RS, SC"
2024-10|18%,2024-10,2024-10-01,18%,0.18,4,"AP, MG, RN, SP"
2024-10|19%,2024-10,2024-10-01,19%,0.19,5,"AC, AL, GO, PA, SE"
"2024-10|19,5%",2024-10,2024-10-01,"19,5%",0.195,2,"PR, RO"
2024-10|20%,2024-10,2024-10-01,20%,0.2,6,"AM, CE, DF, PB, RR, TO"
"2024-10|20,5%",2024-10,2024-10-01,"20,5%",0.205,2,"BA, PE"
2024-10|21%,2024-10,2024-10-01,21%,0.21,1,PI
2024-10|22%,2024-10,2024-10-01,22%,0.22,2,"MA, RJ"
2024-11|17%,2024-11,2024-11-01,17%,0.17,5,"ES, MS, MT, RS, SC"
2024-11|18%,2024-11,2024-11-01,18%,0.18,4,"AP, MG, RN, SP"
2024-11|19%,2024-11,2024-11-01,19%,0.19,5,"AC, AL, GO, PA, SE"
"2024-11|19,5%",2024-11,2024-11-01,"19,5%",0.195,2,"PR, RO"
2024-11|20%,2024-11,2024-11-01,20%,0.2,6,"AM, CE, DF, PB, RR, TO"
"2024-11|20,5%",2024-11,2024-11-01,"20,5%",0.205,2,"BA, PE"
2024-11|21%,2024-11,2024-11-01,21%,0.21,1,PI
2024-11|22%,2024-11,2024-11-01,22%,0.22,2,"MA, RJ"
2024-12|17%,2024-12,2024-12-01,17%,0.17,5,"ES, MS, MT, RS, SC"
2024-12|18%,2024-12,2024-12-01,18%,0.18,4,"AP, MG, RN, SP"
2024-12|19%,2024-12,2024-12-01,19%,0.19,5,"AC, AL, GO, PA, SE"
"2024-12|19,5%",2024-12,2024-12-01,"19,5%",0.195,2,"PR, RO"
2024-12|20%,2024-12,2024-12-01,20%,0.2,6,"AM, CE, DF, PB, RR, TO"
"2024-12|20,5%",2024-12,2024-12-01,"20,5%",0.205,2,"BA, PE"
2024-12|21%,2024-12,2024-12-01,21%,0.21,1,PI
2024-12|22%,2024-12,2024-12-01,22%,0.22,2,"MA, RJ"
2025-01|17%,2025-01,2025-01-01,17%,0.17,5,"ES, MS, MT, RS, SC"
2025-01|18%,2025-01,2025-01-01,18%,0.18,4,"AP, MG, RN, SP"
2025-01|19%,2025-01,2025-01-01,19%,0.19,5,"AC, AL, GO, PA, SE"
"2025-01|19,5%",2025-01,2025-01-01,"19,5%",0.195,2,"PR, RO"
2025-01|20%,2025-01,2025-01-01,20%,0.2,6,"AM, CE, DF, PB, RR, TO"
"2025-01|20,5%",2025-01,2025-01-01,"20,5%",0.205,2,"BA, PE"
2025-01|21%,2025-01,2025-01-01,21%,0.21,1,PI
2025-01|22%,2025-01,2025-01-01,22%,0.22,2,"MA, RJ"
2025-02|17%,2025-02,2025-02-01,17%,0.17,5,"ES, MS, MT, RS, SC"
2025-02|18%,2025-02,2025-02-01,18%,0.18,4,"AP, MG, RN, SP"
2025-02|19%,2025-02,2025-02-01,19%,0.19,5,"AC, AL, GO, PA, SE"
"2025-02|19,5%",2025-02,2025-02-01,"19,5%",0.195,2,"PR, RO"
2025-02|20%,2025-02,2025-02-01,20%,0.2,6,"AM, CE, DF, PB, RR, TO"
"2025-02|20,5%",2025-02,2025-02-01,"20,5%",0.205,2,"BA, PE"
2025-02|21%,2025-02,2025-02-01,21%,0.21,1,PI
2025-02|22%,2025-02,2025-02-01,22%,0.22,2,"MA, RJ"
2025-03|Sem Impostos,2025-03,2025-03-01,Sem Impostos,,0,
2025-03|0%,2025-03,2025-03-01,0%,0.0,0,
2025-03|12%,2025-03,2025-03-01,12%,0.12,0,
2025-03|17%,2025-03,2025-03-01,17%,0.17,5,"ES, MS, MT, RS, SC"
"2025-03|17,5%",2025-03,2025-03-01,"17,5%",0.175,0,
2025-03|18%,2025-03,2025-03-01,18%,0.18,4,"AP, MG, RN, SP"
2025-03|19%,2025-03,2025-03-01,19%,0.19,5,"AC, AL, GO, PA, SE"
"2025-03|19,5%",2025-03,2025-03-01,"19,5%",0.195,2,"PR, RO"
2025-03|20%,2025-03,2025-03-01,20%,0.2,6,"AM, CE, DF, PB, RR, TO"
"2025-03|20,5%",2025-03,2025-03-01,"20,5%",0.205,2,"BA, PE"
2025-03|21%,2025-03,2025-03-01,21%,0.21,1,PI
2025-03|22%,2025-03,2025-03-01,22%,0.22,1,RJ
"2025-03|22,5%",2025-03,2025-03-01,"22,5%",0.225,0,
2025-03|23%,2025-03,2025-03-01,23%,0.23,1,MA
2025-04|17%,2025-04,2025-04-01,17%,0.17,5,"ES, MS, MT, RS, SC"
2025-04|18%,2025-04,2025-04-01,18%,0.18,3,"AP, MG, SP"
2025-04|19%,2025-04,2025-04-01,19%,0.19,5,"AC, AL, GO, PA, SE"
"2025-04|19,5%",2025-04,2025-04-01,"19,5%",0.195,2,"PR, RO"
2025-04|20%,2025-04,2025-04-01,20%,0.2,7,"AM, CE, DF, PB, RN, RR, TO"
"2025-04|20,5%",2025-04,2025-04-01,"20,5%",0.205,2,"BA, PE"
2025-04|22%,2025-04,2025-04-01,22%,0.22,1,RJ
"2025-04|22,5%",2025-04,2025-04-01,"22,5%",0.225,1,PI
2025-04|23%,2025-04,2025-04-01,23%,0.23,1,MA
2025-05|17%,2025-05,2025-05-01,17%,0.17,5,"ES, MS, MT, RS, SC"
2025-05|18%,2025-05,2025-05-01,18%,0.18,3,"AP, MG, SP"
2025-05|19%,2025-05,2025-05-01,19%,0.19,5,"AC, AL, GO, PA, SE"
"2025-05|19,5%",2025-05,2025-05-01,"19,5%",0.195,2,"PR, RO"
2025-05|20%,2025-05,2025-05-01,20%,0.2,7,"AM, CE, DF, PB, RN, RR, TO"
"2025-05|20,5%",2025-05,2025-05-01,"20,5%",0.205,2,"BA, PE"
2025-05|22%,2025-05,2025-05-01,22%,0.22,1,RJ
"2025-05|22,5%",2025-05,2025-05-01,"22,5%",0.225,1,PI
2025-05|23%,2025-05,2025-05-01,23%,0.23,1,MA
2025-06|17%,2025-06,2025-06-01,17%,0.17,5,"ES, MS, MT, RS, SC"
2025-06|18%,2025-06,2025-06-01,18%,0.18,3,"AP, MG, SP"
2025-06|19%,2025-06,2025-06-01,19%,0.19,5,"AC, AL, GO, PA, SE"
"2025-06|19,5%",2025-06,2025-06-01,"19,5%",0.195,2,"PR, RO"
2025-06|20%,2025-06,2025-06-01,20%,0.2,7,"AM, CE, DF, PB, RN, RR, TO"
"2025-06|20,5%",2025-06,2025-06-01,"20,5%",0.205,2,"BA, PE"
2025-06|22%,2025-06,2025-06-01,22%,0.22,1,RJ
"2025-06|22,5%",2025-06,2025-06-01,"22,5%",0.225,1,PI
2025-06|23%,2025-06,2025-06-01,23%,0.23,1,MA
2025-07|17%,2025-07,2025-07-01,17%,0.17,5,"ES, MS, MT, RS, SC"
2025-07|18%,2025-07,2025-07-01,18%,0.18,3,"AP, MG, SP"
2025-07|19%,2025-07,2025-07-01,19%,0.19,5,"AC, AL, GO, PA, SE"
"2025-07|19,5%",2025-07,2025-07-01,"19,5%",0.195,2,"PR, RO"
2025-07|20%,2025-07,2025-07-01,20%,0.2,7,"AM, CE, DF, PB, RN, RR, TO"
"2025-07|20,5%",2025-07,2025-07-01,"20,5%",0.205,2,"BA, PE"
2025-07|22%,2025-07,2025-07-01,22%,0.22,1,RJ
"2025-07|22,5%",2025-07,2025-07-01,"22,5%",0.225,1,PI
2025-07|23%,2025-07,2025-07-01,23%,0.23,1,MA
2025-08|17%,2025-08,2025-08-01,17%,0.17,5,"ES, MS, MT, RS, SC"
2025-08|18%,2025-08,2025-08-01,18%,0.18,3,"AP, MG, SP"
2025-08|19%,2025-08,2025-08-01,19%,0.19,5,"AC, AL, GO, PA, SE"
"2025-08|19,5%",2025-08,2025-08-01,"19,5%",0.195,2,"PR, RO"
2025-08|20%,2025-08,2025-08-01,20%,0.2,7,"AM, CE, DF, PB, RN, RR, TO"
"2025-08|20,5%",2025-08,2025-08-01,"20,5%",0.205,2,"BA, PE"
2025-08|22%,2025-08,2025-08-01,22%,0.22,1,RJ
"2025-08|22,5%",2025-08,2025-08-01,"22,5%",0.225,1,PI
2025-08|23%,2025-08,2025-08-01,23%,0.23,1,MA
2025-09|17%,2025-09,2025-09-01,17%,0.17,5,"ES, MS, MT, RS, SC"
2025-09|18%,2025-09,2025-09-01,18%,0.18,3,"AP, MG, SP"
2025-09|19%,2025-09,2025-09-01,19%,0.19,5,"AC, AL, GO, PA, SE"
"2025-09|19,5%",2025-09,2025-09-01,"19,5%",0.195,2,"PR, RO"
2025-09|20%,2025-09,2025-09-01,20%,0.2,7,"AM, CE, DF, PB, RN, RR, TO"
"2025-09|20,5%",2025-09,2025-09-01,"20,5%",0.205,2,"BA, PE"
2025-09|22%,2025-09,2025-09-01,22%,0.22,1,RJ
"2025-09|22,5%",2025-09,2025-09-01,"22,5%",0.225,1,PI
2025-09|23%,2025-09,2025-09-01,23%,0.23,1,MA
2025-10|17%,2025-10,2025-10-01,17%,0.17,5,"ES, MS, MT, RS, SC"
2025-10|18%,2025-10,2025-10-01,18%,0.18,3,"AP, MG, SP"
2025-10|19%,2025-10,2025-10-01,19%,0.19,5,"AC, AL, GO, PA, SE"
"2025-10|19,5%",2025-10,2025-10-01,"19,5%",0.195,2,"PR, RO"
2025-10|20%,2025-10,2025-10-01,20%,0.2,7,"AM, CE, DF, PB, RN, RR, TO"
"2025-10|20,5%",2025-10,2025-10-01,"20,5%",0.205,2,"BA, PE"
2025-10|22%,2025-10,2025-10-01,22%,0.22,1,RJ
"2025-10|22,5%",2025-10,2025-10-01,"22,5%",0.225,1,PI
2025-10|23%,2025-10,2025-10-01,23%,0.23,1,MA
2025-11|17%,2025-11,2025-11-01,17%,0.17,5,"ES, MS, MT, RS, SC"
2025-11|18%,2025-11,2025-11-01,18%,0.18,3,"AP, MG, SP"
2025-11|19%,2025-11,2025-11-01,19%,0.19,5,"AC, AL, GO, PA, SE"
"2025-11|19,5%",2025-11,2025-11-01,"19,5%",0.195,2,"PR, RO"
2025-11|20%,2025-11,2025-11-01,20%,0.2,7,"AM, CE, DF, PB, RN, RR, TO"
"2025-11|20,5%",2025-11,2025-11-01,"20,5%",0.205,2,"BA, PE"
2025-11|22%,2025-11,2025-11-01,22%,0.22,1,RJ
"2025-11|22,5%",2025-11,2025-11-01,"22,5%",0.225,1,PI
2025-11|23%,2025-11,2025-11-01,23%,0.23,1,MA
2025-12|17%,2025-12,2025-12-01,17%,0.17,5,"ES, MS, MT, RS, SC"
2025-12|18%,2025-12,2025-12-01,18%,0.18,3,"AP, MG, SP"
2025-12|19%,2025-12,2025-12-01,19%,0.19,5,"AC, AL, GO, PA, SE"
"2025-12|19,5%",2025-12,2025-12-01,"19,5%",0.195,2,"PR, RO"
2025-12|20%,2025-12,2025-12-01,20%,0.2,7,"AM, CE, DF, PB, RN, RR, TO"
"2025-12|20,5%",2025-12,2025-12-01,"20,5%",0.205,2,"BA, PE"
2025-12|22%,2025-12,2025-12-01,22%,0.22,1,RJ
"2025-12|22,5%",2025-12,2025-12-01,"22,5%",0.225,1,PI
2025-12|23%,2025-12,2025-12-01,23%,0.23,1,MA
2026-01|17%,2026-01,2026-01-01,17%,0.17,5,"ES, MS, MT, RS, SC"
2026-01|18%,2026-01,2026-01-01,18%,0.18,3,"AP, MG, SP"
2026-01|19%,2026-01,2026-01-01,19%,0.19,5,"AC, AL, GO, PA, SE"
"2026-01|19,5%",2026-01,2026-01-01,"19,5%",0.195,2,"PR, RO"
2026-01|20%,2026-01,2026-01-01,20%,0.2,7,"AM, CE, DF, PB, RN, RR, TO"
"2026-01|20,5%",2026-01,2026-01-01,"20,5%",0.205,2,"BA, PE"
2026-01|22%,2026-01,2026-01-01,22%,0.22,1,RJ
"2026-01|22,5%",2026-01,2026-01-01,"22,5%",0.225,1,PI
2026-01|23%,2026-01,2026-01-01,23%,0.23,1,MA
2026-02|17%,2026-02,2026-02-01,17%,0.17,5,"ES, MS, MT, RS, SC"
2026-02|18%,2026-02,2026-02-01,18%,0.18,3,"AP, MG, SP"
2026-02|19%,2026-02,2026-02-01,19%,0.19,5,"AC, AL, GO, PA, SE"
"2026-02|19,5%",2026-02,2026-02-01,"19,5%",0.195,2,"PR, RO"
2026-02|20%,2026-02,2026-02-01,20%,0.2,7,"AM, CE, DF, PB, RN, RR, TO"
"2026-02|20,5%",2026-02,2026-02-01,"20,5%",0.205,2,"BA, PE"
2026-02|22%,2026-02,2026-02-01,22%,0.22,1,RJ
"2026-02|22,5%",2026-02,2026-02-01,"22,5%",0.225,1,PI
2026-02|23%,2026-02,2026-02-01,23%,0.23,1,MA
2026-03|17%,2026-03,2026-03-01,17%,0.17,5,"ES, MS, MT, RS, SC"
2026-03|18%,2026-03,2026-03-01,18%,0.18,3,"AP, MG, SP"
2026-03|19%,2026-03,2026-03-01,19%,0.19,5,"AC, AL, GO, PA, SE"
"2026-03|19,5%",2026-03,2026-03-01,"19,5%",0.195,2,"PR, RO"
2026-03|20%,2026-03,2026-03-01,20%,0.2,7,"AM, CE, DF, PB, RN, RR, TO"
"2026-03|20,5%",2026-03,2026-03-01,"20,5%",0.205,2,"BA, PE"
2026-03|22%,2026-03,2026-03-01,22%,0.22,1,RJ
"2026-03|22,5%",2026-03,2026-03-01,"22,5%",0.225,1,PI
2026-03|23%,2026-03,2026-03-01,23%,0.23,1,MA
2026-04|17%,2026-04,2026-04-01,17%,0.17,5,"ES, MS, MT, RS, SC"
2026-04|18%,2026-04,2026-04-01,18%,0.18,3,"AP, MG, SP"
2026-04|19%,2026-04,2026-04-01,19%,0.19,4,"AC, GO, PA, SE"
"2026-04|19,5%",2026-04,2026-04-01,"19,5%",0.195,2,"PR, RO"
2026-04|20%,2026-04,2026-04-01,20%,0.2,7,"AM, CE, DF, PB, RN, RR, TO"
"2026-04|20,5%",2026-04,2026-04-01,"20,5%",0.205,3,"AL, BA, PE"
2026-04|22%,2026-04,2026-04-01,22%,0.22,1,RJ
"2026-04|22,5%",2026-04,2026-04-01,"22,5%",0.225,1,PI
2026-04|23%,2026-04,2026-04-01,23%,0.23,1,MA
2026-05|17%,2026-05,2026-05-01,17%,0.17,5,"ES, MS, MT, RS, SC"
2026-05|18%,2026-05,2026-05-01,18%,0.18,3,"AP, MG, SP"
2026-05|19%,2026-05,2026-05-01,19%,0.19,4,"AC, GO, PA, SE"
"2026-05|19,5%",2026-05,2026-05-01,"19,5%",0.195,2,"PR, RO"
2026-05|20%,2026-05,2026-05-01,20%,0.2,7,"AM, CE, DF, PB, RN, RR, TO"
"2026-05|20,5%",2026-05,2026-05-01,"20,5%",0.205,3,"AL, BA, PE"
2026-05|22%,2026-05,2026-05-01,22%,0.22,1,RJ
"2026-05|22,5%",2026-05,2026-05-01,"22,5%",0.225,1,PI
2026-05|23%,2026-05,2026-05-01,23%,0.23,1,MA
2026-06|17%,2026-06,2026-06-01,17%,0.17,5,"ES, MS, MT, RS, SC"
2026-06|18%,2026-06,2026-06-01,18%,0.18,3,"AP, MG, SP"
2026-06|19%,2026-06,2026-06-01,19%,0.19,4,"AC, GO, PA, SE"
"2026-06|19,5%",2026-06,2026-06-01,"19,5%",0.195,2,"PR, RO"
2026-06|20%,2026-06,2026-06-01,20%,0.2,7,"AM, CE, DF, PB, RN, RR, TO"
"2026-06|20,5%",2026-06,2026-06-01,"20,5%",0.205,3,"AL, BA, PE"
2026-06|22%,2026-06,2026-06-01,22%,0.22,1,RJ
"2026-06|22,5%",2026-06,2026-06-01,"22,5%",0.225,1,PI
2026-06|23%,2026-06,2026-06-01,23%,0.23,1,MA
2026-07|Sem Impostos,2026-07,2026-07-01,Sem Impostos,,0,
2026-07|0%,2026-07,2026-07-01,0%,0.0,0,
2026-07|17%,2026-07,2026-07-01,17%,0.17,5,"ES, MS, MT, RS, SC"
2026-07|18%,2026-07,2026-07-01,18%,0.18,3,"AP, MG, SP"
2026-07|19%,2026-07,2026-07-01,19%,0.19,4,"AC, GO, PA, SE"
"2026-07|19,5%",2026-07,2026-07-01,"19,5%",0.195,2,"PR, RO"
2026-07|20%,2026-07,2026-07-01,20%,0.2,7,"AM, CE, DF, PB, RN, RR, TO"
"2026-07|20,5%",2026-07,2026-07-01,"20,5%",0.205,3,"AL, BA, PE"
2026-07|22%,2026-07,2026-07-01,22%,0.22,1,RJ
"2026-07|22,5%",2026-07,2026-07-01,"22,5%",0.225,1,PI
2026-07|23%,2026-07,2026-07-01,23%,0.23,1,MA
2026-08|Sem Impostos,2026-08,2026-08-01,Sem Impostos,,0,
2026-08|0%,2026-08,2026-08-01,0%,0.0,0,
2026-08|17%,2026-08,2026-08-01,17%,0.17,5,"ES, MS, MT, RS, SC"
2026-08|18%,2026-08,2026-08-01,18%,0.18,3,"AP, MG, SP"
2026-08|19%,2026-08,2026-08-01,19%,0.19,4,"AC, GO, PA, SE"
"2026-08|19,5%",2026-08,2026-08-01,"19,5%",0.195,2,"PR, RO"
2026-08|20%,2026-08,2026-08-01,20%,0.2,7,"AM, CE, DF, PB, RN, RR, TO"
"2026-08|20,5%",2026-08,2026-08-01,"20,5%",0.205,3,"AL, BA, PE"
2026-08|22%,2026-08,2026-08-01,22%,0.22,1,RJ
"2026-08|22,5%",2026-08,2026-08-01,"22,5%",0.225,1,PI
2026-08|23%,2026-08,2026-08-01,23%,0.23,1,MA
2026-09|Sem Impostos,2026-09,2026-09-01,Sem Impostos,,0,
2026-09|0%,2026-09,2026-09-01,0%,0.0,0,
2026-09|12%,2026-09,2026-09-01,12%,0.12,0,
2026-09|17%,2026-09,2026-09-01,17%,0.17,5,"ES, MS, MT, RS, SC"
"2026-09|17,5%",2026-09,2026-09-01,"17,5%",0.175,0,
2026-09|18%,2026-09,2026-09-01,18%,0.18,3,"AP, MG, SP"
2026-09|19%,2026-09,2026-09-01,19%,0.19,4,"AC, GO, PA, SE"
"2026-09|19,5%",2026-09,2026-09-01,"19,5%",0.195,2,"PR, RO"
2026-09|20%,2026-09,2026-09-01,20%,0.2,7,"AM, CE, DF, PB, RN, RR, TO"
"2026-09|20,5%",2026-09,2026-09-01,"20,5%",0.205,3,"AL, BA, PE"
2026-09|21%,2026-09,2026-09-01,21%,0.21,0,
2026-09|22%,2026-09,2026-09-01,22%,0.22,1,RJ
"2026-09|22,5%",2026-09,2026-09-01,"22,5%",0.225,1,PI
2026-09|23%,2026-09,2026-09-01,23%,0.23,1,MA
2026-10|17%,2026-10,2026-10-01,17%,0.17,5,"ES, MS, MT, RS, SC"
2026-10|18%,2026-10,2026-10-01,18%,0.18,3,"AP, MG, SP"
2026-10|19%,2026-10,2026-10-01,19%,0.19,4,"AC, GO, PA, SE"
"2026-10|19,5%",2026-10,2026-10-01,"19,5%",0.195,2,"PR, RO"
2026-10|20%,2026-10,2026-10-01,20%,0.2,7,"AM, CE, DF, PB, RN, RR, TO"
"2026-10|20,5%",2026-10,2026-10-01,"20,5%",0.205,3,"AL, BA, PE"
2026-10|22%,2026-10,2026-10-01,22%,0.22,1,RJ
"2026-10|22,5%",2026-10,2026-10-01,"22,5%",0.225,1,PI
2026-10|23%,2026-10,2026-10-01,23%,0.23,1,MA
