ALIQUOTA_HIST_ID,ESTADO_UF,ALIQUOTA_ICMS,ALIQUOTA_ICMS_PCT,VIGENCIA_INICIO,VIGENCIA_FIM,EM_ABERTO,VIGENTE,ORDEM_VIGENCIA,FONTE,OBS
AC_2024-01-01,AC,19%,0.19,2024-01-01,,1,1,1,RICMS-AC (modal),
AL_2024-01-01,AL,19%,0.19,2024-01-01,2026-03-31,0,0,1,RICMS-AL (modal pura),Medicamentos isentos de FECOEP: CMED usa a alíquota sem o adicional
AL_2026-04-01,AL,"20,5%",0.205,2026-04-01,,1,1,2,Lei AL 9.776/2025,Medicamentos isentos de FECOEP
AM_2023-01-01,AM,20%,0.2,2023-01-01,,1,1,1,RICMS-AM,
AP_2023-01-01,AP,18%,0.18,2023-01-01,,1,1,1,RICMS-AP,
BA_2024-01-01,BA,"20,5%",0.205,2024-01-01,,1,1,1,RICMS-BA,
CE_2024-01-01,CE,20%,0.2,2024-01-01,,1,1,1,RICMS-CE,
DF_2023-01-01,DF,18%,0.18,2023-01-01,2024-01-20,0,0,1,RICMS-DF (modal),
DF_2024-01-21,DF,20%,0.2,2024-01-21,,1,1,2,Lei DF 7.326/2023,
ES_2023-01-01,ES,17%,0.17,2023-01-01,,1,1,1,RICMS-ES,
GO_2024-01-01,GO,19%,0.19,2024-01-01,,1,1,1,RICMS-GO,
MA_2023-01-01,MA,22%,0.22,2023-01-01,2025-02-22,0,0,1,RICMS-MA,Alíquota anterior à Lei MA 2025; início aproximado
MA_2025-02-23,MA,23%,0.23,2025-02-23,,1,1,2,Lei MA 2025 (22 para 23),
MG_2023-01-01,MG,18%,0.18,2023-01-01,,1,1,1,RICMS-MG,
MS_2023-01-01,MS,17%,0.17,2023-01-01,,1,1,1,RICMS-MS,
MT_2023-01-01,MT,17%,0.17,2023-01-01,,1,1,1,RICMS-MT,
PA_2024-01-01,PA,19%,0.19,2024-01-01,,1,1,1,RICMS-PA,
PB_2024-01-01,PB,20%,0.2,2024-01-01,,1,1,1,RICMS-PB,
PE_2024-01-01,PE,"20,5%",0.205,2024-01-01,,1,1,1,RICMS-PE,
PI_2023-01-01,PI,21%,0.21,2023-01-01,2025-03-31,0,0,1,RICMS-PI,Alíquota anterior à Lei PI 8558/2024; início aproximado
PI_2025-04-01,PI,"22,5%",0.225,2025-04-01,,1,1,2,Lei PI 8558/2024,
PR_2024-01-01,PR,"19,5%",0.195,2024-01-01,,1,1,1,RICMS-PR,
RJ_2024-03-20,RJ,22%,0.22,2024-03-20,,1,1,1,RICMS-RJ (20% + 2% FECP),FECP incide sobre medicamentos (diferente de AL e SE)
RN_2023-01-01,RN,18%,0.18,2023-01-01,2025-03-19,0,0,1,RICMS-RN,Alíquota anterior à Lei RN 2025; início aproximado
RN_2025-03-20,RN,20%,0.2,2025-03-20,,1,1,2,Lei RN 2025 (18 para 20),
RO_2024-01-01,RO,"19,5%",0.195,2024-01-01,,1,1,1,RICMS-RO,
RR_2024-01-01,RR,20%,0.2,2024-01-01,,1,1,1,RICMS-RR,
RS_2023-01-01,RS,17%,0.17,2023-01-01,,1,1,1,RICMS-RS,
SC_2023-01-01,SC,17%,0.17,2023-01-01,,1,1,1,RICMS-SC,
SE_2023-01-01,SE,19%,0.19,2023-01-01,,1,1,1,RICMS-SE (modal; CMED usa modal pura),Medicamentos isentos de FUNPOBREZA
SP_2023-01-01,SP,18%,0.18,2023-01-01,,1,1,1,RICMS-SP,
TO_2024-01-01,TO,20%,0.2,2024-01-01,,1,1,1,RICMS-TO,
