COMPETENCIA,COMPETENCIA_DATA,ESTADO_UF,ALIQUOTA_ICMS,ALIQUOTA_ICMS_PCT,VIGENCIA_INICIO,MUDOU
2024-01,2024-01-01,AC,19%,0.19,2024-01-01,0
2024-02,2024-02-01,AC,19%,0.19,2024-01-01,0
2024-03,2024-03-01,AC,19%,0.19,2024-01-01,0
2024-04,2024-04-01,AC,19%,0.19,2024-01-01,0
2024-05,2024-05-01,AC,19%,0.19,2024-01-01,0
2024-06,2024-06-01,AC,19%,0.19,2024-01-01,0
2024-07,2024-07-01,AC,19%,0.19,2024-01-01,0
2024-08,2024-08-01,AC,19%,0.19,2024-01-01,0
2024-09,2024-09-01,AC,19%,0.19,2024-01-01,0
2024-10,2024-10-01,AC,19%,0.19,2024-01-01,0
2024-11,2024-11-01,AC,19%,0.19,2024-01-01,0
2024-12,2024-12-01,AC,19%,0.19,2024-01-01,0
2025-01,2025-01-01,AC,19%,0.19,2024-01-01,0
2025-02,2025-02-01,AC,19%,0.19,2024-01-01,0
2025-03,2025-03-01,AC,19%,0.19,2024-01-01,0
2025-04,2025-04-01,AC,19%,0.19,2024-01-01,0
2025-05,2025-05-01,AC,19%,0.19,2024-01-01,0
2025-06,2025-06-01,AC,19%,0.19,2024-01-01,0
2025-07,2025-07-01,AC,19%,0.19,2024-01-01,0
2025-08,2025-08-01,AC,19%,0.19,2024-01-01,0
2025-09,2025-09-01,AC,19%,0.19,2024-01-01,0
2025-10,2025-10-01,AC,19%,0.19,2024-01-01,0
2025-11,2025-11-01,AC,19%,0.19,2024-01-01,0
2025-12,2025-12-01,AC,19%,0.19,2024-01-01,0
2026-01,2026-01-01,AC,19%,0.19,2024-01-01,0
2026-02,2026-02-01,AC,19%,0.19,2024-01-01,0
2026-03,2026-03-01,AC,19%,0.19,2024-01-01,0
2026-04,2026-04-01,AC,19%,0.19,2024-01-01,0
2026-05,2026-05-01,AC,19%,0.19,2024-01-01,0
2026-06,2026-06-01,AC,19%,0.19,2024-01-01,0
2026-07,2026-07-01,AC,19%,0.19,2024-01-01,0
2026-08,2026-08-01,AC,19%,0.19,2024-01-01,0
2026-09,2026-09-01,AC,19%,0.19,2024-01-01,0
2026-10,2026-10-01,AC,19%,0.19,2024-01-01,0
2024-01,2024-01-01,AL,19%,0.19,2024-01-01,0
2024-02,2024-02-01,AL,19%,0.19,2024-01-01,0
2024-03,2024-03-01,AL,19%,0.19,2024-01-01,0
2024-04,2024-04-01,AL,19%,0.19,2024-01-01,0
2024-05,2024-05-01,AL,19%,0.19,2024-01-01,0
2024-06,2024-06-01,AL,19%,0.19,2024-01-01,0
2024-07,2024-07-01,AL,19%,0.19,2024-01-01,0
2024-08,2024-08-01,AL,19%,0.19,2024-01-01,0
2024-09,2024-09-01,AL,19%,0.19,2024-01-01,0
2024-10,2024-10-01,AL,19%,0.19,2024-01-01,0
2024-11,2024-11-01,AL,19%,0.19,2024-01-01,0
2024-12,2024-12-01,AL,19%,0.19,2024-01-01,0
2025-01,2025-01-01,AL,19%,0.19,2024-01-01,0
2025-02,2025-02-01,AL,19%,0.19,2024-01-01,0
2025-03,2025-03-01,AL,19%,0.19,2024-01-01,0
2025-04,2025-04-01,AL,19%,0.19,2024-01-01,0
2025-05,2025-05-01,AL,19%,0.19,2024-01-01,0
2025-06,2025-06-01,AL,19%,0.19,2024-01-01,0
2025-07,2025-07-01,AL,19%,0.19,2024-01-01,0
2025-08,2025-08-01,AL,19%,0.19,2024-01-01,0
2025-09,2025-09-01,AL,19%,0.19,2024-01-01,0
2025-10,2025-10-01,AL,19%,0.19,2024-01-01,0
2025-11,2025-11-01,AL,19%,0.19,2024-01-01,0
2025-12,2025-12-01,AL,19%,0.19,2024-01-01,0
2026-01,2026-01-01,AL,19%,0.19,2024-01-01,0
2026-02,2026-02-01,AL,19%,0.19,2024-01-01,0
2026-03,2026-03-01,AL,19%,0.19,2024-01-01,0
2026-04,2026-04-01,AL,"20,5%",0.205,2026-04-01,1
2026-05,2026-05-01,AL,"20,5%",0.205,2026-04-01,0
2026-06,2026-06-01,AL,"20,5%",0.205,2026-04-01,0
2026-07,2026-07-01,AL,"20,5%",0.205,2026-04-01,0
2026-08,2026-08-01,AL,"20,5%",0.205,2026-04-01,0
2026-09,2026-09-01,AL,"20,5%",0.205,2026-04-01,0
2026-10,2026-10-01,AL,"20,5%",0.205,2026-04-01,0
2023-01,2023-01-01,AM,20%,0.2,2023-01-01,0
2023-02,2023-02-01,AM,20%,0.2,2023-01-01,0
2023-03,2023-03-01,AM,20%,0.2,2023-01-01,0
2023-04,2023-04-01,AM,20%,0.2,2023-01-01,0
2023-05,2023-05-01,AM,20%,0.2,2023-01-01,0
2023-06,2023-06-01,AM,20%,0.2,2023-01-01,0
2023-07,2023-07-01,AM,20%,0.2,2023-01-01,0
2023-08,2023-08-01,AM,20%,0.2,2023-01-01,0
2023-09,2023-09-01,AM,20%,0.2,2023-01-01,0
2023-10,2023-10-01,AM,20%,0.2,2023-01-01,0
2023-11,2023-11-01,AM,20%,0.2,2023-01-01,0
2023-12,2023-12-01,AM,20%,0.2,2023-01-01,0
2024-01,2024-01-01,AM,20%,0.2,2023-01-01,0
2024-02,2024-02-01,AM,20%,0.2,2023-01-01,0
2024-03,2024-03-01,AM,20%,0.2,2023-01-01,0
2024-04,2024-04-01,AM,20%,0.2,2023-01-01,0
2024-05,2024-05-01,AM,20%,0.2,2023-01-01,0
2024-06,2024-06-01,AM,20%,0.2,2023-01-01,0
2024-07,2024-07-01,AM,20%,0.2,2023-01-01,0
2024-08,2024-08-01,AM,20%,0.2,2023-01-01,0
2024-09,2024-09-01,AM,20%,0.2,2023-01-01,0
2024-10,2024-10-01,AM,20%,0.2,2023-01-01,0
2024-11,2024-11-01,AM,20%,0.2,2023-01-01,0
2024-12,2024-12-01,AM,20%,0.2,2023-01-01,0
2025-01,2025-01-01,AM,20%,0.2,2023-01-01,0
2025-02,2025-02-01,AM,20%,0.2,2023-01-01,0
2025-03,2025-03-01,AM,20%,0.2,2023-01-01,0
2025-04,2025-04-01,AM,20%,0.2,2023-01-01,0
2025-05,2025-05-01,AM,20%,0.2,2023-01-01,0
2025-06,2025-06-01,AM,20%,0.2,2023-01-01,0
2025-07,2025-07-01,AM,20%,0.2,2023-01-01,0
2025-08,2025-08-01,AM,20%,0.2,2023-01-01,0
2025-09,2025-09-01,AM,20%,0.2,2023-01-01,0
2025-10,2025-10-01,AM,20%,0.2,2023-01-01,0
2025-11,2025-11-01,AM,20%,0.2,2023-01-01,0
2025-12,2025-12-01,AM,20%,0.2,2023-01-01,0
2026-01,2026-01-01,AM,20%,0.2,2023-01-01,0
2026-02,2026-02-01,AM,20%,0.2,2023-01-01,0
2026-03,2026-03-01,AM,20%,0.2,2023-01-01,0
2026-04,2026-04-01,AM,20%,0.2,2023-01-01,0
2026-05,2026-05-01,AM,20%,0.2,2023-01-01,0
2026-06,2026-06-01,AM,20%,0.2,2023-01-01,0
2026-07,2026-07-01,AM,20%,0.2,2023-01-01,0
2026-08,2026-08-01,AM,20%,0.2,2023-01-01,0
2026-09,2026-09-01,AM,20%,0.2,2023-01-01,0
2026-10,2026-10-01,AM,20%,0.2,2023-01-01,0
2023-01,2023-01-01,AP,18%,0.18,2023-01-01,0
2023-02,2023-02-01,AP,18%,0.18,2023-01-01,0
2023-03,2023-03-01,AP,18%,0.18,2023-01-01,0
2023-04,2023-04-01,AP,18%,0.18,2023-01-01,0
2023-05,2023-05-01,AP,18%,0.18,2023-01-01,0
2023-06,2023-06-01,AP,18%,0.18,2023-01-01,0
2023-07,2023-07-01,AP,18%,0.18,2023-01-01,0
2023-08,2023-08-01,AP,18%,0.18,2023-01-01,0
2023-09,2023-09-01,AP,18%,0.18,2023-01-01,0
2023-10,2023-10-01,AP,18%,0.18,2023-01-01,0
2023-11,2023-11-01,AP,18%,0.18,2023-01-01,0
2023-12,2023-12-01,AP,18%,0.18,2023-01-01,0
2024-01,2024-01-01,AP,18%,0.18,2023-01-01,0
2024-02,2024-02-01,AP,18%,0.18,2023-01-01,0
2024-03,2024-03-01,AP,18%,0.18,2023-01-01,0
2024-04,2024-04-01,AP,18%,0.18,2023-01-01,0
2024-05,2024-05-01,AP,18%,0.18,2023-01-01,0
2024-06,2024-06-01,AP,18%,0.18,2023-01-01,0
2024-07,2024-07-01,AP,18%,0.18,2023-01-01,0
2024-08,2024-08-01,AP,18%,0.18,2023-01-01,0
2024-09,2024-09-01,AP,18%,0.18,2023-01-01,0
2024-10,2024-10-01,AP,18%,0.18,2023-01-01,0
2024-11,2024-11-01,AP,18%,0.18,2023-01-01,0
2024-12,2024-12-01,AP,18%,0.18,2023-01-01,0
2025-01,2025-01-01,AP,18%,0.18,2023-01-01,0
2025-02,2025-02-01,AP,18%,0.18,2023-01-01,0
2025-03,2025-03-01,AP,18%,0.18,2023-01-01,0
2025-04,2025-04-01,AP,18%,0.18,2023-01-01,0
2025-05,2025-05-01,AP,18%,0.18,2023-01-01,0
2025-06,2025-06-01,AP,18%,0.18,2023-01-01,0
2025-07,2025-07-01,AP,18%,0.18,2023-01-01,0
2025-08,2025-08-01,AP,18%,0.18,2023-01-01,0
2025-09,2025-09-01,AP,18%,0.18,2023-01-01,0
2025-10,2025-10-01,AP,18%,0.18,2023-01-01,0
2025-11,2025-11-01,AP,18%,0.18,2023-01-01,0
2025-12,2025-12-01,AP,18%,0.18,2023-01-01,0
2026-01,2026-01-01,AP,18%,0.18,2023-01-01,0
2026-02,2026-02-01,AP,18%,0.18,2023-01-01,0
2026-03,2026-03-01,AP,18%,0.18,2023-01-01,0
2026-04,2026-04-01,AP,18%,0.18,2023-01-01,0
2026-05,2026-05-01,AP,18%,0.18,2023-01-01,0
2026-06,2026-06-01,AP,18%,0.18,2023-01-01,0
2026-07,2026-07-01,AP,18%,0.18,2023-01-01,0
2026-08,2026-08-01,AP,18%,0.18,2023-01-01,0
2026-09,2026-09-01,AP,18%,0.18,2023-01-01,0
2026-10,2026-10-01,AP,18%,0.18,2023-01-01,0
2024-01,2024-01-01,BA,"20,5%",0.205,2024-01-01,0
2024-02,2024-02-01,BA,"20,5%",0.205,2024-01-01,0
2024-03,2024-03-01,BA,"20,5%",0.205,2024-01-01,0
2024-04,2024-04-01,BA,"20,5%",0.205,2024-01-01,0
2024-05,2024-05-01,BA,"20,5%",0.205,2024-01-01,0
2024-06,2024-06-01,BA,"20,5%",0.205,2024-01-01,0
2024-07,2024-07-01,BA,"20,5%",0.205,2024-01-01,0
2024-08,2024-08-01,BA,"20,5%",0.205,2024-01-01,0
2024-09,2024-09-01,BA,"20,5%",0.205,2024-01-01,0
2024-10,2024-10-01,BA,"20,5%",0.205,2024-01-01,0
2024-11,2024-11-01,BA,"20,5%",0.205,2024-01-01,0
2024-12,2024-12-01,BA,"20,5%",0.205,2024-01-01,0
2025-01,2025-01-01,BA,"20,5%",0.205,2024-01-01,0
2025-02,2025-02-01,BA,"20,5%",0.205,2024-01-01,0
2025-03,2025-03-01,BA,"20,5%",0.205,2024-01-01,0
2025-04,2025-04-01,BA,"20,5%",0.205,2024-01-01,0
2025-05,2025-05-01,BA,"20,5%",0.205,2024-01-01,0
2025-06,2025-06-01,BA,"20,5%",0.205,2024-01-01,0
2025-07,2025-07-01,BA,"20,5%",0.205,2024-01-01,0
2025-08,2025-08-01,BA,"20,5%",0.205,2024-01-01,0
2025-09,2025-09-01,BA,"20,5%",0.205,2024-01-01,0
2025-10,2025-10-01,BA,"20,5%",0.205,2024-01-01,0
2025-11,2025-11-01,BA,"20,5%",0.205,2024-01-01,0
2025-12,2025-12-01,BA,"20,5%",0.205,2024-01-01,0
2026-01,2026-01-01,BA,"20,5%",0.205,2024-01-01,0
2026-02,2026-02-01,BA,"20,5%",0.205,2024-01-01,0
2026-03,2026-03-01,BA,"20,5%",0.205,2024-01-01,0
2026-04,2026-04-01,BA,"20,5%",0.205,2024-01-01,0
2026-05,2026-05-01,BA,"20,5%",0.205,2024-01-01,0
2026-06,2026-06-01,BA,"20,5%",0.205,2024-01-01,0
2026-07,2026-07-01,BA,"20,5%",0.205,2024-01-01,0
2026-08,2026-08-01,BA,"20,5%",0.205,2024-01-01,0
2026-09,2026-09-01,BA,"20,5%",0.205,2024-01-01,0
2026-10,2026-10-01,BA,"20,5%",0.205,2024-01-01,0
2024-01,2024-01-01,CE,20%,0.2,2024-01-01,0
2024-02,2024-02-01,CE,20%,0.2,2024-01-01,0
2024-03,2024-03-01,CE,20%,0.2,2024-01-01,0
2024-04,2024-04-01,CE,20%,0.2,2024-01-01,0
2024-05,2024-05-01,CE,20%,0.2,2024-01-01,0
2024-06,2024-06-01,CE,20%,0.2,2024-01-01,0
2024-07,2024-07-01,CE,20%,0.2,2024-01-01,0
2024-08,2024-08-01,CE,20%,0.2,2024-01-01,0
2024-09,2024-09-01,CE,20%,0.2,2024-01-01,0
2024-10,2024-10-01,CE,20%,0.2,2024-01-01,0
2024-11,2024-11-01,CE,20%,0.2,2024-01-01,0
2024-12,2024-12-01,CE,20%,0.2,2024-01-01,0
2025-01,2025-01-01,CE,20%,0.2,2024-01-01,0
2025-02,2025-02-01,CE,20%,0.2,2024-01-01,0
2025-03,2025-03-01,CE,20%,0.2,2024-01-01,0
2025-04,2025-04-01,CE,20%,0.2,2024-01-01,0
2025-05,2025-05-01,CE,20%,0.2,2024-01-01,0
2025-06,2025-06-01,CE,20%,0.2,2024-01-01,0
2025-07,2025-07-01,CE,20%,0.2,2024-01-01,0
2025-08,2025-08-01,CE,20%,0.2,2024-01-01,0
2025-09,2025-09-01,CE,20%,0.2,2024-01-01,0
2025-10,2025-10-01,CE,20%,0.2,2024-01-01,0
2025-11,2025-11-01,CE,20%,0.2,2024-01-01,0
2025-12,2025-12-01,CE,20%,0.2,2024-01-01,0
2026-01,2026-01-01,CE,20%,0.2,2024-01-01,0
2026-02,2026-02-01,CE,20%,0.2,2024-01-01,0
2026-03,2026-03-01,CE,20%,0.2,2024-01-01,0
2026-04,2026-04-01,CE,20%,0.2,2024-01-01,0
2026-05,2026-05-01,CE,20%,0.2,2024-01-01,0
2026-06,2026-06-01,CE,20%,0.2,2024-01-01,0
2026-07,2026-07-01,CE,20%,0.2,2024-01-01,0
2026-08,2026-08-01,CE,20%,0.2,2024-01-01,0
2026-09,2026-09-01,CE,20%,0.2,2024-01-01,0
2026-10,2026-10-01,CE,20%,0.2,2024-01-01,0
2023-01,2023-01-01,DF,18%,0.18,2023-01-01,0
2023-02,2023-02-01,DF,18%,0.18,2023-01-01,0
2023-03,2023-03-01,DF,18%,0.18,2023-01-01,0
2023-04,2023-04-01,DF,18%,0.18,2023-01-01,0
2023-05,2023-05-01,DF,18%,0.18,2023-01-01,0
2023-06,2023-06-01,DF,18%,0.18,2023-01-01,0
2023-07,2023-07-01,DF,18%,0.18,2023-01-01,0
2023-08,2023-08-01,DF,18%,0.18,2023-01-01,0
2023-09,2023-09-01,DF,18%,0.18,2023-01-01,0
2023-10,2023-10-01,DF,18%,0.18,2023-01-01,0
2023-11,2023-11-01,DF,18%,0.18,2023-01-01,0
2023-12,2023-12-01,DF,18%,0.18,2023-01-01,0
2024-01,2024-01-01,DF,18%,0.18,2023-01-01,0
2024-02,2024-02-01,DF,20%,0.2,2024-01-21,1
2024-03,2024-03-01,DF,20%,0.2,2024-01-21,0
2024-04,2024-04-01,DF,20%,0.2,2024-01-21,0
2024-05,2024-05-01,DF,20%,0.2,2024-01-21,0
2024-06,2024-06-01,DF,20%,0.2,2024-01-21,0
2024-07,2024-07-01,DF,20%,0.2,2024-01-21,0
2024-08,2024-08-01,DF,20%,0.2,2024-01-21,0
2024-09,2024-09-01,DF,20%,0.2,2024-01-21,0
2024-10,2024-10-01,DF,20%,0.2,2024-01-21,0
2024-11,2024-11-01,DF,20%,0.2,2024-01-21,0
2024-12,2024-12-01,DF,20%,0.2,2024-01-21,0
2025-01,2025-01-01,DF,20%,0.2,2024-01-21,0
2025-02,2025-02-01,DF,20%,0.2,2024-01-21,0
2025-03,2025-03-01,DF,20%,0.2,2024-01-21,0
2025-04,2025-04-01,DF,20%,0.2,2024-01-21,0
2025-05,2025-05-01,DF,20%,0.2,2024-01-21,0
2025-06,2025-06-01,DF,20%,0.2,2024-01-21,0
2025-07,2025-07-01,DF,20%,0.2,2024-01-21,0
2025-08,2025-08-01,DF,20%,0.2,2024-01-21,0
2025-09,2025-09-01,DF,20%,0.2,2024-01-21,0
2025-10,2025-10-01,DF,20%,0.2,2024-01-21,0
2025-11,2025-11-01,DF,20%,0.2,2024-01-21,0
2025-12,2025-12-01,DF,20%,0.2,2024-01-21,0
2026-01,2026-01-01,DF,20%,0.2,2024-01-21,0
2026-02,2026-02-01,DF,20%,0.2,2024-01-21,0
2026-03,2026-03-01,DF,20%,0.2,2024-01-21,0
2026-04,2026-04-01,DF,20%,0.2,2024-01-21,0
2026-05,2026-05-01,DF,20%,0.2,2024-01-21,0
2026-06,2026-06-01,DF,20%,0.2,2024-01-21,0
2026-07,2026-07-01,DF,20%,0.2,2024-01-21,0
2026-08,2026-08-01,DF,20%,0.2,2024-01-21,0
2026-09,2026-09-01,DF,20%,0.2,2024-01-21,0
2026-10,2026-10-01,DF,20%,0.2,2024-01-21,0
2023-01,2023-01-01,ES,17%,0.17,2023-01-01,0
2023-02,2023-02-01,ES,17%,0.17,2023-01-01,0
2023-03,2023-03-01,ES,17%,0.17,2023-01-01,0
2023-04,2023-04-01,ES,17%,0.17,2023-01-01,0
2023-05,2023-05-01,ES,17%,0.17,2023-01-01,0
2023-06,2023-06-01,ES,17%,0.17,2023-01-01,0
2023-07,2023-07-01,ES,17%,0.17,2023-01-01,0
2023-08,2023-08-01,ES,17%,0.17,2023-01-01,0
2023-09,2023-09-01,ES,17%,0.17,2023-01-01,0
2023-10,2023-10-01,ES,17%,0.17,2023-01-01,0
2023-11,2023-11-01,ES,17%,0.17,2023-01-01,0
2023-12,2023-12-01,ES,17%,0.17,2023-01-01,0
2024-01,2024-01-01,ES,17%,0.17,2023-01-01,0
2024-02,2024-02-01,ES,17%,0.17,2023-01-01,0
2024-03,2024-03-01,ES,17%,0.17,2023-01-01,0
2024-04,2024-04-01,ES,17%,0.17,2023-01-01,0
2024-05,2024-05-01,ES,17%,0.17,2023-01-01,0
2024-06,2024-06-01,ES,17%,0.17,2023-01-01,0
2024-07,2024-07-01,ES,17%,0.17,2023-01-01,0
2024-08,2024-08-01,ES,17%,0.17,2023-01-01,0
2024-09,2024-09-01,ES,17%,0.17,2023-01-01,0
2024-10,2024-10-01,ES,17%,0.17,2023-01-01,0
2024-11,2024-11-01,ES,17%,0.17,2023-01-01,0
2024-12,2024-12-01,ES,17%,0.17,2023-01-01,0
2025-01,2025-01-01,ES,17%,0.17,2023-01-01,0
2025-02,2025-02-01,ES,17%,0.17,2023-01-01,0
2025-03,2025-03-01,ES,17%,0.17,2023-01-01,0
2025-04,2025-04-01,ES,17%,0.17,2023-01-01,0
2025-05,2025-05-01,ES,17%,0.17,2023-01-01,0
2025-06,2025-06-01,ES,17%,0.17,2023-01-01,0
2025-07,2025-07-01,ES,17%,0.17,2023-01-01,0
2025-08,2025-08-01,ES,17%,0.17,2023-01-01,0
2025-09,2025-09-01,ES,17%,0.17,2023-01-01,0
2025-10,2025-10-01,ES,17%,0.17,2023-01-01,0
2025-11,2025-11-01,ES,17%,0.17,2023-01-01,0
2025-12,2025-12-01,ES,17%,0.17,2023-01-01,0
2026-01,2026-01-01,ES,17%,0.17,2023-01-01,0
2026-02,2026-02-01,ES,17%,0.17,2023-01-01,0
2026-03,2026-03-01,ES,17%,0.17,2023-01-01,0
2026-04,2026-04-01,ES,17%,0.17,2023-01-01,0
2026-05,2026-05-01,ES,17%,0.17,2023-01-01,0
2026-06,2026-06-01,ES,17%,0.17,2023-01-01,0
2026-07,2026-07-01,ES,17%,0.17,2023-01-01,0
2026-08,2026-08-01,ES,17%,0.17,2023-01-01,0
2026-09,2026-09-01,ES,17%,0.17,2023-01-01,0
2026-10,2026-10-01,ES,17%,0.17,2023-01-01,0
2024-01,2024-01-01,GO,19%,0.19,2024-01-01,0
2024-02,2024-02-01,GO,19%,0.19,2024-01-01,0
2024-03,2024-03-01,GO,19%,0.19,2024-01-01,0
2024-04,2024-04-01,GO,19%,0.19,2024-01-01,0
2024-05,2024-05-01,GO,19%,0.19,2024-01-01,0
2024-06,2024-06-01,GO,19%,0.19,2024-01-01,0
2024-07,2024-07-01,GO,19%,0.19,2024-01-01,0
2024-08,2024-08-01,GO,19%,0.19,2024-01-01,0
2024-09,2024-09-01,GO,19%,0.19,2024-01-01,0
2024-10,2024-10-01,GO,19%,0.19,2024-01-01,0
2024-11,2024-11-01,GO,19%,0.19,2024-01-01,0
2024-12,2024-12-01,GO,19%,0.19,2024-01-01,0
2025-01,2025-01-01,GO,19%,0.19,2024-01-01,0
2025-02,2025-02-01,GO,19%,0.19,2024-01-01,0
2025-03,2025-03-01,GO,19%,0.19,2024-01-01,0
2025-04,2025-04-01,GO,19%,0.19,2024-01-01,0
2025-05,2025-05-01,GO,19%,0.19,2024-01-01,0
2025-06,2025-06-01,GO,19%,0.19,2024-01-01,0
2025-07,2025-07-01,GO,19%,0.19,2024-01-01,0
2025-08,2025-08-01,GO,19%,0.19,2024-01-01,0
2025-09,2025-09-01,GO,19%,0.19,2024-01-01,0
2025-10,2025-10-01,GO,19%,0.19,2024-01-01,0
2025-11,2025-11-01,GO,19%,0.19,2024-01-01,0
2025-12,2025-12-01,GO,19%,0.19,2024-01-01,0
2026-01,2026-01-01,GO,19%,0.19,2024-01-01,0
2026-02,2026-02-01,GO,19%,0.19,2024-01-01,0
2026-03,2026-03-01,GO,19%,0.19,2024-01-01,0
2026-04,2026-04-01,GO,19%,0.19,2024-01-01,0
2026-05,2026-05-01,GO,19%,0.19,2024-01-01,0
2026-06,2026-06-01,GO,19%,0.19,2024-01-01,0
2026-07,2026-07-01,GO,19%,0.19,2024-01-01,0
2026-08,2026-08-01,GO,19%,0.19,2024-01-01,0
2026-09,2026-09-01,GO,19%,0.19,2024-01-01,0
2026-10,2026-10-01,GO,19%,0.19,2024-01-01,0
2023-01,2023-01-01,MA,22%,0.22,2023-01-01,0
2023-02,2023-02-01,MA,22%,0.22,2023-01-01,0
2023-03,2023-03-01,MA,22%,0.22,2023-01-01,0
2023-04,2023-04-01,MA,22%,0.22,2023-01-01,0
2023-05,2023-05-01,MA,22%,0.22,2023-01-01,0
2023-06,2023-06-01,MA,22%,0.22,2023-01-01,0
2023-07,2023-07-01,MA,22%,0.22,2023-01-01,0
2023-08,2023-08-01,MA,22%,0.22,2023-01-01,0
2023-09,2023-09-01,MA,22%,0.22,2023-01-01,0
2023-10,2023-10-01,MA,22%,0.22,2023-01-01,0
2023-11,2023-11-01,MA,22%,0.22,2023-01-01,0
2023-12,2023-12-01,MA,22%,0.22,2023-01-01,0
2024-01,2024-01-01,MA,22%,0.22,2023-01-01,0
2024-02,2024-02-01,MA,22%,0.22,2023-01-01,0
2024-03,2024-03-01,MA,22%,0.22,2023-01-01,0
2024-04,2024-04-01,MA,22%,0.22,2023-01-01,0
2024-05,2024-05-01,MA,22%,0.22,2023-01-01,0
2024-06,2024-06-01,MA,22%,0.22,2023-01-01,0
2024-07,2024-07-01,MA,22%,0.22,2023-01-01,0
2024-08,2024-08-01,MA,22%,0.22,2023-01-01,0
2024-09,2024-09-01,MA,22%,0.22,2023-01-01,0
2024-10,2024-10-01,MA,22%,0.22,2023-01-01,0
2024-11,2024-11-01,MA,22%,0.22,2023-01-01,0
2024-12,2024-12-01,MA,22%,0.22,2023-01-01,0
2025-01,2025-01-01,MA,22%,0.22,2023-01-01,0
2025-02,2025-02-01,MA,22%,0.22,2023-01-01,0
2025-03,2025-03-01,MA,23%,0.23,2025-02-23,1
2025-04,2025-04-01,MA,23%,0.23,2025-02-23,0
2025-05,2025-05-01,MA,23%,0.23,2025-02-23,0
2025-06,2025-06-01,MA,23%,0.23,2025-02-23,0
2025-07,2025-07-01,MA,23%,0.23,2025-02-23,0
2025-08,2025-08-01,MA,23%,0.23,2025-02-23,0
2025-09,2025-09-01,MA,23%,0.23,2025-02-23,0
2025-10,2025-10-01,MA,23%,0.23,2025-02-23,0
2025-11,2025-11-01,MA,23%,0.23,2025-02-23,0
2025-12,2025-12-01,MA,23%,0.23,2025-02-23,0
2026-01,2026-01-01,MA,23%,0.23,2025-02-23,0
2026-02,2026-02-01,MA,23%,0.23,2025-02-23,0
2026-03,2026-03-01,MA,23%,0.23,2025-02-23,0
2026-04,2026-04-01,MA,23%,0.23,2025-02-23,0
2026-05,2026-05-01,MA,23%,0.23,2025-02-23,0
2026-06,2026-06-01,MA,23%,0.23,2025-02-23,0
2026-07,2026-07-01,MA,23%,0.23,2025-02-23,0
2026-08,2026-08-01,MA,23%,0.23,2025-02-23,0
2026-09,2026-09-01,MA,23%,0.23,2025-02-23,0
2026-10,2026-10-01,MA,23%,0.23,2025-02-23,0
2023-01,2023-01-01,MG,18%,0.18,2023-01-01,0
2023-02,2023-02-01,MG,18%,0.18,2023-01-01,0
2023-03,2023-03-01,MG,18%,0.18,2023-01-01,0
2023-04,2023-04-01,MG,18%,0.18,2023-01-01,0
2023-05,2023-05-01,MG,18%,0.18,2023-01-01,0
2023-06,2023-06-01,MG,18%,0.18,2023-01-01,0
2023-07,2023-07-01,MG,18%,0.18,2023-01-01,0
2023-08,2023-08-01,MG,18%,0.18,2023-01-01,0
2023-09,2023-09-01,MG,18%,0.18,2023-01-01,0
2023-10,2023-10-01,MG,18%,0.18,2023-01-01,0
2023-11,2023-11-01,MG,18%,0.18,2023-01-01,0
2023-12,2023-12-01,MG,18%,0.18,2023-01-01,0
2024-01,2024-01-01,MG,18%,0.18,2023-01-01,0
2024-02,2024-02-01,MG,18%,0.18,2023-01-01,0
2024-03,2024-03-01,MG,18%,0.18,2023-01-01,0
2024-04,2024-04-01,MG,18%,0.18,2023-01-01,0
2024-05,2024-05-01,MG,18%,0.18,2023-01-01,0
2024-06,2024-06-01,MG,18%,0.18,2023-01-01,0
2024-07,2024-07-01,MG,18%,0.18,2023-01-01,0
2024-08,2024-08-01,MG,18%,0.18,2023-01-01,0
2024-09,2024-09-01,MG,18%,0.18,2023-01-01,0
2024-10,2024-10-01,MG,18%,0.18,2023-01-01,0
2024-11,2024-11-01,MG,18%,0.18,2023-01-01,0
2024-12,2024-12-01,MG,18%,0.18,2023-01-01,0
2025-01,2025-01-01,MG,18%,0.18,2023-01-01,0
2025-02,2025-02-01,MG,18%,0.18,2023-01-01,0
2025-03,2025-03-01,MG,18%,0.18,2023-01-01,0
2025-04,2025-04-01,MG,18%,0.18,2023-01-01,0
2025-05,2025-05-01,MG,18%,0.18,2023-01-01,0
2025-06,2025-06-01,MG,18%,0.18,2023-01-01,0
2025-07,2025-07-01,MG,18%,0.18,2023-01-01,0
2025-08,2025-08-01,MG,18%,0.18,2023-01-01,0
2025-09,2025-09-01,MG,18%,0.18,2023-01-01,0
2025-10,2025-10-01,MG,18%,0.18,2023-01-01,0
2025-11,2025-11-01,MG,18%,0.18,2023-01-01,0
2025-12,2025-12-01,MG,18%,0.18,2023-01-01,0
2026-01,2026-01-01,MG,18%,0.18,2023-01-01,0
2026-02,2026-02-01,MG,18%,0.18,2023-01-01,0
2026-03,2026-03-01,MG,18%,0.18,2023-01-01,0
2026-04,2026-04-01,MG,18%,0.18,2023-01-01,0
2026-05,2026-05-01,MG,18%,0.18,2023-01-01,0
2026-06,2026-06-01,MG,18%,0.18,2023-01-01,0
2026-07,2026-07-01,MG,18%,0.18,2023-01-01,0
2026-08,2026-08-01,MG,18%,0.18,2023-01-01,0
2026-09,2026-09-01,MG,18%,0.18,2023-01-01,0
2026-10,2026-10-01,MG,18%,0.18,2023-01-01,0
2023-01,2023-01-01,MS,17%,0.17,2023-01-01,0
2023-02,2023-02-01,MS,17%,0.17,2023-01-01,0
2023-03,2023-03-01,MS,17%,0.17,2023-01-01,0
2023-04,2023-04-01,MS,17%,0.17,2023-01-01,0
2023-05,2023-05-01,MS,17%,0.17,2023-01-01,0
2023-06,2023-06-01,MS,17%,0.17,2023-01-01,0
2023-07,2023-07-01,MS,17%,0.17,2023-01-01,0
2023-08,2023-08-01,MS,17%,0.17,2023-01-01,0
2023-09,2023-09-01,MS,17%,0.17,2023-01-01,0
2023-10,2023-10-01,MS,17%,0.17,2023-01-01,0
2023-11,2023-11-01,MS,17%,0.17,2023-01-01,0
2023-12,2023-12-01,MS,17%,0.17,2023-01-01,0
2024-01,2024-01-01,MS,17%,0.17,2023-01-01,0
2024-02,2024-02-01,MS,17%,0.17,2023-01-01,0
2024-03,2024-03-01,MS,17%,0.17,2023-01-01,0
2024-04,2024-04-01,MS,17%,0.17,2023-01-01,0
2024-05,2024-05-01,MS,17%,0.17,2023-01-01,0
2024-06,2024-06-01,MS,17%,0.17,2023-01-01,0
2024-07,2024-07-01,MS,17%,0.17,2023-01-01,0
2024-08,2024-08-01,MS,17%,0.17,2023-01-01,0
2024-09,2024-09-01,MS,17%,0.17,2023-01-01,0
2024-10,2024-10-01,MS,17%,0.17,2023-01-01,0
2024-11,2024-11-01,MS,17%,0.17,2023-01-01,0
2024-12,2024-12-01,MS,17%,0.17,2023-01-01,0
2025-01,2025-01-01,MS,17%,0.17,2023-01-01,0
2025-02,2025-02-01,MS,17%,0.17,2023-01-01,0
2025-03,2025-03-01,MS,17%,0.17,2023-01-01,0
2025-04,2025-04-01,MS,17%,0.17,2023-01-01,0
2025-05,2025-05-01,MS,17%,0.17,2023-01-01,0
2025-06,2025-06-01,MS,17%,0.17,2023-01-01,0
2025-07,2025-07-01,MS,17%,0.17,2023-01-01,0
2025-08,2025-08-01,MS,17%,0.17,2023-01-01,0
2025-09,2025-09-01,MS,17%,0.17,2023-01-01,0
2025-10,2025-10-01,MS,17%,0.17,2023-01-01,0
2025-11,2025-11-01,MS,17%,0.17,2023-01-01,0
2025-12,2025-12-01,MS,17%,0.17,2023-01-01,0
2026-01,2026-01-01,MS,17%,0.17,2023-01-01,0
2026-02,2026-02-01,MS,17%,0.17,2023-01-01,0
2026-03,2026-03-01,MS,17%,0.17,2023-01-01,0
2026-04,2026-04-01,MS,17%,0.17,2023-01-01,0
2026-05,2026-05-01,MS,17%,0.17,2023-01-01,0
2026-06,2026-06-01,MS,17%,0.17,2023-01-01,0
2026-07,2026-07-01,MS,17%,0.17,2023-01-01,0
2026-08,2026-08-01,MS,17%,0.17,2023-01-01,0
2026-09,2026-09-01,MS,17%,0.17,2023-01-01,0
2026-10,2026-10-01,MS,17%,0.17,2023-01-01,0
2023-01,2023-01-01,MT,17%,0.17,2023-01-01,0
2023-02,2023-02-01,MT,17%,0.17,2023-01-01,0
2023-03,2023-03-01,MT,17%,0.17,2023-01-01,0
2023-04,2023-04-01,MT,17%,0.17,2023-01-01,0
2023-05,2023-05-01,MT,17%,0.17,2023-01-01,0
2023-06,2023-06-01,MT,17%,0.17,2023-01-01,0
2023-07,2023-07-01,MT,17%,0.17,2023-01-01,0
2023-08,2023-08-01,MT,17%,0.17,2023-01-01,0
2023-09,2023-09-01,MT,17%,0.17,2023-01-01,0
2023-10,2023-10-01,MT,17%,0.17,2023-01-01,0
2023-11,2023-11-01,MT,17%,0.17,2023-01-01,0
2023-12,2023-12-01,MT,17%,0.17,2023-01-01,0
2024-01,2024-01-01,MT,17%,0.17,2023-01-01,0
2024-02,2024-02-01,MT,17%,0.17,2023-01-01,0
2024-03,2024-03-01,MT,17%,0.17,2023-01-01,0
2024-04,2024-04-01,MT,17%,0.17,2023-01-01,0
2024-05,2024-05-01,MT,17%,0.17,2023-01-01,0
2024-06,2024-06-01,MT,17%,0.17,2023-01-01,0
2024-07,2024-07-01,MT,17%,0.17,2023-01-01,0
2024-08,2024-08-01,MT,17%,0.17,2023-01-01,0
2024-09,2024-09-01,MT,17%,0.17,2023-01-01,0
2024-10,2024-10-01,MT,17%,0.17,2023-01-01,0
2024-11,2024-11-01,MT,17%,0.17,2023-01-01,0
2024-12,2024-12-01,MT,17%,0.17,2023-01-01,0
2025-01,2025-01-01,MT,17%,0.17,2023-01-01,0
2025-02,2025-02-01,MT,17%,0.17,2023-01-01,0
2025-03,2025-03-01,MT,17%,0.17,2023-01-01,0
2025-04,2025-04-01,MT,17%,0.17,2023-01-01,0
2025-05,2025-05-01,MT,17%,0.17,2023-01-01,0
2025-06,2025-06-01,MT,17%,0.17,2023-01-01,0
2025-07,2025-07-01,MT,17%,0.17,2023-01-01,0
2025-08,2025-08-01,MT,17%,0.17,2023-01-01,0
2025-09,2025-09-01,MT,17%,0.17,2023-01-01,0
2025-10,2025-10-01,MT,17%,0.17,2023-01-01,0
2025-11,2025-11-01,MT,17%,0.17,2023-01-01,0
2025-12,2025-12-01,MT,17%,0.17,2023-01-01,0
2026-01,2026-01-01,MT,17%,0.17,2023-01-01,0
2026-02,2026-02-01,MT,17%,0.17,2023-01-01,0
2026-03,2026-03-01,MT,17%,0.17,2023-01-01,0
2026-04,2026-04-01,MT,17%,0.17,2023-01-01,0
2026-05,2026-05-01,MT,17%,0.17,2023-01-01,0
2026-06,2026-06-01,MT,17%,0.17,2023-01-01,0
2026-07,2026-07-01,MT,17%,0.17,2023-01-01,0
2026-08,2026-08-01,MT,17%,0.17,2023-01-01,0
2026-09,2026-09-01,MT,17%,0.17,2023-01-01,0
2026-10,2026-10-01,MT,17%,0.17,2023-01-01,0
2024-01,2024-01-01,PA,19%,0.19,2024-01-01,0
2024-02,2024-02-01,PA,19%,0.19,2024-01-01,0
2024-03,2024-03-01,PA,19%,0.19,2024-01-01,0
2024-04,2024-04-01,PA,19%,0.19,2024-01-01,0
2024-05,2024-05-01,PA,19%,0.19,2024-01-01,0
2024-06,2024-06-01,PA,19%,0.19,2024-01-01,0
2024-07,2024-07-01,PA,19%,0.19,2024-01-01,0
2024-08,2024-08-01,PA,19%,0.19,2024-01-01,0
2024-09,2024-09-01,PA,19%,0.19,2024-01-01,0
2024-10,2024-10-01,PA,19%,0.19,2024-01-01,0
2024-11,2024-11-01,PA,19%,0.19,2024-01-01,0
2024-12,2024-12-01,PA,19%,0.19,2024-01-01,0
2025-01,2025-01-01,PA,19%,0.19,2024-01-01,0
2025-02,2025-02-01,PA,19%,0.19,2024-01-01,0
2025-03,2025-03-01,PA,19%,0.19,2024-01-01,0
2025-04,2025-04-01,PA,19%,0.19,2024-01-01,0
2025-05,2025-05-01,PA,19%,0.19,2024-01-01,0
2025-06,2025-06-01,PA,19%,0.19,2024-01-01,0
2025-07,2025-07-01,PA,19%,0.19,2024-01-01,0
2025-08,2025-08-01,PA,19%,0.19,2024-01-01,0
2025-09,2025-09-01,PA,19%,0.19,2024-01-01,0
2025-10,2025-10-01,PA,19%,0.19,2024-01-01,0
2025-11,2025-11-01,PA,19%,0.19,2024-01-01,0
2025-12,2025-12-01,PA,19%,0.19,2024-01-01,0
2026-01,2026-01-01,PA,19%,0.19,2024-01-01,0
2026-02,2026-02-01,PA,19%,0.19,2024-01-01,0
2026-03,2026-03-01,PA,19%,0.19,2024-01-01,0
2026-04,2026-04-01,PA,19%,0.19,2024-01-01,0
2026-05,2026-05-01,PA,19%,0.19,2024-01-01,0
2026-06,2026-06-01,PA,19%,0.19,2024-01-01,0
2026-07,2026-07-01,PA,19%,0.19,2024-01-01,0
2026-08,2026-08-01,PA,19%,0.19,2024-01-01,0
2026-09,2026-09-01,PA,19%,0.19,2024-01-01,0
2026-10,2026-10-01,PA,19%,0.19,2024-01-01,0
2024-01,2024-01-01,PB,20%,0.2,2024-01-01,0
2024-02,2024-02-01,PB,20%,0.2,2024-01-01,0
2024-03,2024-03-01,PB,20%,0.2,2024-01-01,0
2024-04,2024-04-01,PB,20%,0.2,2024-01-01,0
2024-05,2024-05-01,PB,20%,0.2,2024-01-01,0
2024-06,2024-06-01,PB,20%,0.2,2024-01-01,0
2024-07,2024-07-01,PB,20%,0.2,2024-01-01,0
2024-08,2024-08-01,PB,20%,0.2,2024-01-01,0
2024-09,2024-09-01,PB,20%,0.2,2024-01-01,0
2024-10,2024-10-01,PB,20%,0.2,2024-01-01,0
2024-11,2024-11-01,PB,20%,0.2,2024-01-01,0
2024-12,2024-12-01,PB,20%,0.2,2024-01-01,0
2025-01,2025-01-01,PB,20%,0.2,2024-01-01,0
2025-02,2025-02-01,PB,20%,0.2,2024-01-01,0
2025-03,2025-03-01,PB,20%,0.2,2024-01-01,0
2025-04,2025-04-01,PB,20%,0.2,2024-01-01,0
2025-05,2025-05-01,PB,20%,0.2,2024-01-01,0
2025-06,2025-06-01,PB,20%,0.2,2024-01-01,0
2025-07,2025-07-01,PB,20%,0.2,2024-01-01,0
2025-08,2025-08-01,PB,20%,0.2,2024-01-01,0
2025-09,2025-09-01,PB,20%,0.2,2024-01-01,0
2025-10,2025-10-01,PB,20%,0.2,2024-01-01,0
2025-11,2025-11-01,PB,20%,0.2,2024-01-01,0
2025-12,2025-12-01,PB,20%,0.2,2024-01-01,0
2026-01,2026-01-01,PB,20%,0.2,2024-01-01,0
2026-02,2026-02-01,PB,20%,0.2,2024-01-01,0
2026-03,2026-03-01,PB,20%,0.2,2024-01-01,0
2026-04,2026-04-01,PB,20%,0.2,2024-01-01,0
2026-05,2026-05-01,PB,20%,0.2,2024-01-01,0
2026-06,2026-06-01,PB,20%,0.2,2024-01-01,0
2026-07,2026-07-01,PB,20%,0.2,2024-01-01,0
2026-08,2026-08-01,PB,20%,0.2,2024-01-01,0
2026-09,2026-09-01,PB,20%,0.2,2024-01-01,0
2026-10,2026-10-01,PB,20%,0.2,2024-01-01,0
2024-01,2024-01-01,PE,"20,5%",0.205,2024-01-01,0
2024-02,2024-02-01,PE,"20,5%",0.205,2024-01-01,0
2024-03,2024-03-01,PE,"20,5%",0.205,2024-01-01,0
2024-04,2024-04-01,PE,"20,5%",0.205,2024-01-01,0
2024-05,2024-05-01,PE,"20,5%",0.205,2024-01-01,0
2024-06,2024-06-01,PE,"20,5%",0.205,2024-01-01,0
2024-07,2024-07-01,PE,"20,5%",0.205,2024-01-01,0
2024-08,2024-08-01,PE,"20,5%",0.205,2024-01-01,0
2024-09,2024-09-01,PE,"20,5%",0.205,2024-01-01,0
2024-10,2024-10-01,PE,"20,5%",0.205,2024-01-01,0
2024-11,2024-11-01,PE,"20,5%",0.205,2024-01-01,0
2024-12,2024-12-01,PE,"20,5%",0.205,2024-01-01,0
2025-01,2025-01-01,PE,"20,5%",0.205,2024-01-01,0
2025-02,2025-02-01,PE,"20,5%",0.205,2024-01-01,0
2025-03,2025-03-01,PE,"20,5%",0.205,2024-01-01,0
2025-04,2025-04-01,PE,"20,5%",0.205,2024-01-01,0
2025-05,2025-05-01,PE,"20,5%",0.205,2024-01-01,0
2025-06,2025-06-01,PE,"20,5%",0.205,2024-01-01,0
2025-07,2025-07-01,PE,"20,5%",0.205,2024-01-01,0
2025-08,2025-08-01,PE,"20,5%",0.205,2024-01-01,0
2025-09,2025-09-01,PE,"20,5%",0.205,2024-01-01,0
2025-10,2025-10-01,PE,"20,5%",0.205,2024-01-01,0
2025-11,2025-11-01,PE,"20,5%",0.205,2024-01-01,0
2025-12,2025-12-01,PE,"20,5%",0.205,2024-01-01,0
2026-01,2026-01-01,PE,"20,5%",0.205,2024-01-01,0
2026-02,2026-02-01,PE,"20,5%",0.205,2024-01-01,0
2026-03,2026-03-01,PE,"20,5%",0.205,2024-01-01,0
2026-04,2026-04-01,PE,"20,5%",0.205,2024-01-01,0
2026-05,2026-05-01,PE,"20,5%",0.205,2024-01-01,0
2026-06,2026-06-01,PE,"20,5%",0.205,2024-01-01,0
2026-07,2026-07-01,PE,"20,5%",0.205,2024-01-01,0
2026-08,2026-08-01,PE,"20,5%",0.205,2024-01-01,0
2026-09,2026-09-01,PE,"20,5%",0.205,2024-01-01,0
2026-10,2026-10-01,PE,"20,5%",0.205,2024-01-01,0
2023-01,2023-01-01,PI,21%,0.21,2023-01-01,0
2023-02,2023-02-01,PI,21%,0.21,2023-01-01,0
2023-03,2023-03-01,PI,21%,0.21,2023-01-01,0
2023-04,2023-04-01,PI,21%,0.21,2023-01-01,0
2023-05,2023-05-01,PI,21%,0.21,2023-01-01,0
2023-06,2023-06-01,PI,21%,0.21,2023-01-01,0
2023-07,2023-07-01,PI,21%,0.21,2023-01-01,0
2023-08,2023-08-01,PI,21%,0.21,2023-01-01,0
2023-09,2023-09-01,PI,21%,0.21,2023-01-01,0
2023-10,2023-10-01,PI,21%,0.21,2023-01-01,0
2023-11,2023-11-01,PI,21%,0.21,2023-01-01,0
2023-12,2023-12-01,PI,21%,0.21,2023-01-01,0
2024-01,2024-01-01,PI,21%,0.21,2023-01-01,0
2024-02,2024-02-01,PI,21%,0.21,2023-01-01,0
2024-03,2024-03-01,PI,21%,0.21,2023-01-01,0
2024-04,2024-04-01,PI,21%,0.21,2023-01-01,0
2024-05,2024-05-01,PI,21%,0.21,2023-01-01,0
2024-06,2024-06-01,PI,21%,0.21,2023-01-01,0
2024-07,2024-07-01,PI,21%,0.21,2023-01-01,0
2024-08,2024-08-01,PI,21%,0.21,2023-01-01,0
2024-09,2024-09-01,PI,21%,0.21,2023-01-01,0
2024-10,2024-10-01,PI,21%,0.21,2023-01-01,0
2024-11,2024-11-01,PI,21%,0.21,2023-01-01,0
2024-12,2024-12-01,PI,21%,0.21,2023-01-01,0
2025-01,2025-01-01,PI,21%,0.21,2023-01-01,0
2025-02,2025-02-01,PI,21%,0.21,2023-01-01,0
2025-03,2025-03-01,PI,21%,0.21,2023-01-01,0
2025-04,2025-04-01,PI,"22,5%",0.225,2025-04-01,1
2025-05,2025-05-01,PI,"22,5%",0.225,2025-04-01,0
2025-06,2025-06-01,PI,"22,5%",0.225,2025-04-01,0
2025-07,2025-07-01,PI,"22,5%",0.225,2025-04-01,0
2025-08,2025-08-01,PI,"22,5%",0.225,2025-04-01,0
2025-09,2025-09-01,PI,"22,5%",0.225,2025-04-01,0
2025-10,2025-10-01,PI,"22,5%",0.225,2025-04-01,0
2025-11,2025-11-01,PI,"22,5%",0.225,2025-04-01,0
2025-12,2025-12-01,PI,"22,5%",0.225,2025-04-01,0
2026-01,2026-01-01,PI,"22,5%",0.225,2025-04-01,0
2026-02,2026-02-01,PI,"22,5%",0.225,2025-04-01,0
2026-03,2026-03-01,PI,"22,5%",0.225,2025-04-01,0
2026-04,2026-04-01,PI,"22,5%",0.225,2025-04-01,0
2026-05,2026-05-01,PI,"22,5%",0.225,2025-04-01,0
2026-06,2026-06-01,PI,"22,5%",0.225,2025-04-01,0
2026-07,2026-07-01,PI,"22,5%",0.225,2025-04-01,0
2026-08,2026-08-01,PI,"22,5%",0.225,2025-04-01,0
2026-09,2026-09-01,PI,"22,5%",0.225,2025-04-01,0
2026-10,2026-10-01,PI,"22,5%",0.225,2025-04-01,0
2024-01,2024-01-01,PR,"19,5%",0.195,2024-01-01,0
2024-02,2024-02-01,PR,"19,5%",0.195,2024-01-01,0
2024-03,2024-03-01,PR,"19,5%",0.195,2024-01-01,0
2024-04,2024-04-01,PR,"19,5%",0.195,2024-01-01,0
2024-05,2024-05-01,PR,"19,5%",0.195,2024-01-01,0
2024-06,2024-06-01,PR,"19,5%",0.195,2024-01-01,0
2024-07,2024-07-01,PR,"19,5%",0.195,2024-01-01,0
2024-08,2024-08-01,PR,"19,5%",0.195,2024-01-01,0
2024-09,2024-09-01,PR,"19,5%",0.195,2024-01-01,0
2024-10,2024-10-01,PR,"19,5%",0.195,2024-01-01,0
2024-11,2024-11-01,PR,"19,5%",0.195,2024-01-01,0
2024-12,2024-12-01,PR,"19,5%",0.195,2024-01-01,0
2025-01,2025-01-01,PR,"19,5%",0.195,2024-01-01,0
2025-02,2025-02-01,PR,"19,5%",0.195,2024-01-01,0
2025-03,2025-03-01,PR,"19,5%",0.195,2024-01-01,0
2025-04,2025-04-01,PR,"19,5%",0.195,2024-01-01,0
2025-05,2025-05-01,PR,"19,5%",0.195,2024-01-01,0
2025-06,2025-06-01,PR,"19,5%",0.195,2024-01-01,0
2025-07,2025-07-01,PR,"19,5%",0.195,2024-01-01,0
2025-08,2025-08-01,PR,"19,5%",0.195,2024-01-01,0
2025-09,2025-09-01,PR,"19,5%",0.195,2024-01-01,0
2025-10,2025-10-01,PR,"19,5%",0.195,2024-01-01,0
2025-11,2025-11-01,PR,"19,5%",0.195,2024-01-01,0
2025-12,2025-12-01,PR,"19,5%",0.195,2024-01-01,0
2026-01,2026-01-01,PR,"19,5%",0.195,2024-01-01,0
2026-02,2026-02-01,PR,"19,5%",0.195,2024-01-01,0
2026-03,2026-03-01,PR,"19,5%",0.195,2024-01-01,0
2026-04,2026-04-01,PR,"19,5%",0.195,2024-01-01,0
2026-05,2026-05-01,PR,"19,5%",0.195,2024-01-01,0
2026-06,2026-06-01,PR,"19,5%",0.195,2024-01-01,0
2026-07,2026-07-01,PR,"19,5%",0.195,2024-01-01,0
2026-08,2026-08-01,PR,"19,5%",0.195,2024-01-01,0
2026-09,2026-09-01,PR,"19,5%",0.195,2024-01-01,0
2026-10,2026-10-01,PR,"19,5%",0.195,2024-01-01,0
2024-04,2024-04-01,RJ,22%,0.22,2024-03-20,0
2024-05,2024-05-01,RJ,22%,0.22,2024-03-20,0
2024-06,2024-06-01,RJ,22%,0.22,2024-03-20,0
2024-07,2024-07-01,RJ,22%,0.22,2024-03-20,0
2024-08,2024-08-01,RJ,22%,0.22,2024-03-20,0
2024-09,2024-09-01,RJ,22%,0.22,2024-03-20,0
2024-10,2024-10-01,RJ,22%,0.22,2024-03-20,0
2024-11,2024-11-01,RJ,22%,0.22,2024-03-20,0
2024-12,2024-12-01,RJ,22%,0.22,2024-03-20,0
2025-01,2025-01-01,RJ,22%,0.22,2024-03-20,0
2025-02,2025-02-01,RJ,22%,0.22,2024-03-20,0
2025-03,2025-03-01,RJ,22%,0.22,2024-03-20,0
2025-04,2025-04-01,RJ,22%,0.22,2024-03-20,0
2025-05,2025-05-01,RJ,22%,0.22,2024-03-20,0
2025-06,2025-06-01,RJ,22%,0.22,2024-03-20,0
2025-07,2025-07-01,RJ,22%,0.22,2024-03-20,0
2025-08,2025-08-01,RJ,22%,0.22,2024-03-20,0
2025-09,2025-09-01,RJ,22%,0.22,2024-03-20,0
2025-10,2025-10-01,RJ,22%,0.22,2024-03-20,0
2025-11,2025-11-01,RJ,22%,0.22,2024-03-20,0
2025-12,2025-12-01,RJ,22%,0.22,2024-03-20,0
2026-01,2026-01-01,RJ,22%,0.22,2024-03-20,0
2026-02,2026-02-01,RJ,22%,0.22,2024-03-20,0
2026-03,2026-03-01,RJ,22%,0.22,2024-03-20,0
2026-04,2026-04-01,RJ,22%,0.22,2024-03-20,0
2026-05,2026-05-01,RJ,22%,0.22,2024-03-20,0
2026-06,2026-06-01,RJ,22%,0.22,2024-03-20,0
2026-07,2026-07-01,RJ,22%,0.22,2024-03-20,0
2026-08,2026-08-01,RJ,22%,0.22,2024-03-20,0
2026-09,2026-09-01,RJ,22%,0.22,2024-03-20,0
2026-10,2026-10-01,RJ,22%,0.22,2024-03-20,0
2023-01,2023-01-01,RN,18%,0.18,2023-01-01,0
2023-02,2023-02-01,RN,18%,0.18,2023-01-01,0
2023-03,2023-03-01,RN,18%,0.18,2023-01-01,0
2023-04,2023-04-01,RN,18%,0.18,2023-01-01,0
2023-05,2023-05-01,RN,18%,0.18,2023-01-01,0
2023-06,2023-06-01,RN,18%,0.18,2023-01-01,0
2023-07,2023-07-01,RN,18%,0.18,2023-01-01,0
2023-08,2023-08-01,RN,18%,0.18,2023-01-01,0
2023-09,2023-09-01,RN,18%,0.18,2023-01-01,0
2023-10,2023-10-01,RN,18%,0.18,2023-01-01,0
2023-11,2023-11-01,RN,18%,0.18,2023-01-01,0
2023-12,2023-12-01,RN,18%,0.18,2023-01-01,0
2024-01,2024-01-01,RN,18%,0.18,2023-01-01,0
2024-02,2024-02-01,RN,18%,0.18,2023-01-01,0
2024-03,2024-03-01,RN,18%,0.18,2023-01-01,0
2024-04,2024-04-01,RN,18%,0.18,2023-01-01,0
2024-05,2024-05-01,RN,18%,0.18,2023-01-01,0
2024-06,2024-06-01,RN,18%,0.18,2023-01-01,0
2024-07,2024-07-01,RN,18%,0.18,2023-01-01,0
2024-08,2024-08-01,RN,18%,0.18,2023-01-01,0
2024-09,2024-09-01,RN,18%,0.18,2023-01-01,0
2024-10,2024-10-01,RN,18%,0.18,2023-01-01,0
2024-11,2024-11-01,RN,18%,0.18,2023-01-01,0
2024-12,2024-12-01,RN,18%,0.18,2023-01-01,0
2025-01,2025-01-01,RN,18%,0.18,2023-01-01,0
2025-02,2025-02-01,RN,18%,0.18,2023-01-01,0
2025-03,2025-03-01,RN,18%,0.18,2023-01-01,0
2025-04,2025-04-01,RN,20%,0.2,2025-03-20,1
2025-05,2025-05-01,RN,20%,0.2,2025-03-20,0
2025-06,2025-06-01,RN,20%,0.2,2025-03-20,0
2025-07,2025-07-01,RN,20%,0.2,2025-03-20,0
2025-08,2025-08-01,RN,20%,0.2,2025-03-20,0
2025-09,2025-09-01,RN,20%,0.2,2025-03-20,0
2025-10,2025-10-01,RN,20%,0.2,2025-03-20,0
2025-11,2025-11-01,RN,20%,0.2,2025-03-20,0
2025-12,2025-12-01,RN,20%,0.2,2025-03-20,0
2026-01,2026-01-01,RN,20%,0.2,2025-03-20,0
2026-02,2026-02-01,RN,20%,0.2,2025-03-20,0
2026-03,2026-03-01,RN,20%,0.2,2025-03-20,0
2026-04,2026-04-01,RN,20%,0.2,2025-03-20,0
2026-05,2026-05-01,RN,20%,0.2,2025-03-20,0
2026-06,2026-06-01,RN,20%,0.2,2025-03-20,0
2026-07,2026-07-01,RN,20%,0.2,2025-03-20,0
2026-08,2026-08-01,RN,20%,0.2,2025-03-20,0
2026-09,2026-09-01,RN,20%,0.2,2025-03-20,0
2026-10,2026-10-01,RN,20%,0.2,2025-03-20,0
2024-01,2024-01-01,RO,"19,5%",0.195,2024-01-01,0
2024-02,2024-02-01,RO,"19,5%",0.195,2024-01-01,0
2024-03,2024-03-01,RO,"19,5%",0.195,2024-01-01,0
2024-04,2024-04-01,RO,"19,5%",0.195,2024-01-01,0
2024-05,2024-05-01,RO,"19,5%",0.195,2024-01-01,0
2024-06,2024-06-01,RO,"19,5%",0.195,2024-01-01,0
2024-07,2024-07-01,RO,"19,5%",0.195,2024-01-01,0
2024-08,2024-08-01,RO,"19,5%",0.195,2024-01-01,0
2024-09,2024-09-01,RO,"19,5%",0.195,2024-01-01,0
2024-10,2024-10-01,RO,"19,5%",0.195,2024-01-01,0
2024-11,2024-11-01,RO,"19,5%",0.195,2024-01-01,0
2024-12,2024-12-01,RO,"19,5%",0.195,2024-01-01,0
2025-01,2025-01-01,RO,"19,5%",0.195,2024-01-01,0
2025-02,2025-02-01,RO,"19,5%",0.195,2024-01-01,0
2025-03,2025-03-01,RO,"19,5%",0.195,2024-01-01,0
2025-04,2025-04-01,RO,"19,5%",0.195,2024-01-01,0
2025-05,2025-05-01,RO,"19,5%",0.195,2024-01-01,0
2025-06,2025-06-01,RO,"19,5%",0.195,2024-01-01,0
2025-07,2025-07-01,RO,"19,5%",0.195,2024-01-01,0
2025-08,2025-08-01,RO,"19,5%",0.195,2024-01-01,0
2025-09,2025-09-01,RO,"19,5%",0.195,2024-01-01,0
2025-10,2025-10-01,RO,"19,5%",0.195,2024-01-01,0
2025-11,2025-11-01,RO,"19,5%",0.195,2024-01-01,0
2025-12,2025-12-01,RO,"19,5%",0.195,2024-01-01,0
2026-01,2026-01-01,RO,"19,5%",0.195,2024-01-01,0
2026-02,2026-02-01,RO,"19,5%",0.195,2024-01-01,0
2026-03,2026-03-01,RO,"19,5%",0.195,2024-01-01,0
2026-04,2026-04-01,RO,"19,5%",0.195,2024-01-01,0
2026-05,2026-05-01,RO,"19,5%",0.195,2024-01-01,0
2026-06,2026-06-01,RO,"19,5%",0.195,2024-01-01,0
2026-07,2026-07-01,RO,"19,5%",0.195,2024-01-01,0
2026-08,2026-08-01,RO,"19,5%",0.195,2024-01-01,0
2026-09,2026-09-01,RO,"19,5%",0.195,2024-01-01,0
2026-10,2026-10-01,RO,"19,5%",0.195,2024-01-01,0
2024-01,2024-01-01,RR,20%,0.2,2024-01-01,0
2024-02,2024-02-01,RR,20%,0.2,2024-01-01,0
2024-03,2024-03-01,RR,20%,0.2,2024-01-01,0
2024-04,2024-04-01,RR,20%,0.2,2024-01-01,0
2024-05,2024-05-01,RR,20%,0.2,2024-01-01,0
2024-06,2024-06-01,RR,20%,0.2,2024-01-01,0
2024-07,2024-07-01,RR,20%,0.2,2024-01-01,0
2024-08,2024-08-01,RR,20%,0.2,2024-01-01,0
2024-09,2024-09-01,RR,20%,0.2,2024-01-01,0
2024-10,2024-10-01,RR,20%,0.2,2024-01-01,0
2024-11,2024-11-01,RR,20%,0.2,2024-01-01,0
2024-12,2024-12-01,RR,20%,0.2,2024-01-01,0
2025-01,2025-01-01,RR,20%,0.2,2024-01-01,0
2025-02,2025-02-01,RR,20%,0.2,2024-01-01,0
2025-03,2025-03-01,RR,20%,0.2,2024-01-01,0
2025-04,2025-04-01,RR,20%,0.2,2024-01-01,0
2025-05,2025-05-01,RR,20%,0.2,2024-01-01,0
2025-06,2025-06-01,RR,20%,0.2,2024-01-01,0
2025-07,2025-07-01,RR,20%,0.2,2024-01-01,0
2025-08,2025-08-01,RR,20%,0.2,2024-01-01,0
2025-09,2025-09-01,RR,20%,0.2,2024-01-01,0
2025-10,2025-10-01,RR,20%,0.2,2024-01-01,0
2025-11,2025-11-01,RR,20%,0.2,2024-01-01,0
2025-12,2025-12-01,RR,20%,0.2,2024-01-01,0
2026-01,2026-01-01,RR,20%,0.2,2024-01-01,0
2026-02,2026-02-01,RR,20%,0.2,2024-01-01,0
2026-03,2026-03-01,RR,20%,0.2,2024-01-01,0
2026-04,2026-04-01,RR,20%,0.2,2024-01-01,0
2026-05,2026-05-01,RR,20%,0.2,2024-01-01,0
2026-06,2026-06-01,RR,20%,0.2,2024-01-01,0
2026-07,2026-07-01,RR,20%,0.2,2024-01-01,0
2026-08,2026-08-01,RR,20%,0.2,2024-01-01,0
2026-09,2026-09-01,RR,20%,0.2,2024-01-01,0
2026-10,2026-10-01,RR,20%,0.2,2024-01-01,0
2023-01,2023-01-01,RS,17%,0.17,2023-01-01,0
2023-02,2023-02-01,RS,17%,0.17,2023-01-01,0
2023-03,2023-03-01,RS,17%,0.17,2023-01-01,0
2023-04,2023-04-01,RS,17%,0.17,2023-01-01,0
2023-05,2023-05-01,RS,17%,0.17,2023-01-01,0
2023-06,2023-06-01,RS,17%,0.17,2023-01-01,0
2023-07,2023-07-01,RS,17%,0.17,2023-01-01,0
2023-08,2023-08-01,RS,17%,0.17,2023-01-01,0
2023-09,2023-09-01,RS,17%,0.17,2023-01-01,0
2023-10,2023-10-01,RS,17%,0.17,2023-01-01,0
2023-11,2023-11-01,RS,17%,0.17,2023-01-01,0
2023-12,2023-12-01,RS,17%,0.17,2023-01-01,0
2024-01,2024-01-01,RS,17%,0.17,2023-01-01,0
2024-02,2024-02-01,RS,17%,0.17,2023-01-01,0
2024-03,2024-03-01,RS,17%,0.17,2023-01-01,0
2024-04,2024-04-01,RS,17%,0.17,2023-01-01,0
2024-05,2024-05-01,RS,17%,0.17,2023-01-01,0
2024-06,2024-06-01,RS,17%,0.17,2023-01-01,0
2024-07,2024-07-01,RS,17%,0.17,2023-01-01,0
2024-08,2024-08-01,RS,17%,0.17,2023-01-01,0
2024-09,2024-09-01,RS,17%,0.17,2023-01-01,0
2024-10,2024-10-01,RS,17%,0.17,2023-01-01,0
2024-11,2024-11-01,RS,17%,0.17,2023-01-01,0
2024-12,2024-12-01,RS,17%,0.17,2023-01-01,0
2025-01,2025-01-01,RS,17%,0.17,2023-01-01,0
2025-02,2025-02-01,RS,17%,0.17,2023-01-01,0
2025-03,2025-03-01,RS,17%,0.17,2023-01-01,0
2025-04,2025-04-01,RS,17%,0.17,2023-01-01,0
2025-05,2025-05-01,RS,17%,0.17,2023-01-01,0
2025-06,2025-06-01,RS,17%,0.17,2023-01-01,0
2025-07,2025-07-01,RS,17%,0.17,2023-01-01,0
2025-08,2025-08-01,RS,17%,0.17,2023-01-01,0
2025-09,2025-09-01,RS,17%,0.17,2023-01-01,0
2025-10,2025-10-01,RS,17%,0.17,2023-01-01,0
2025-11,2025-11-01,RS,17%,0.17,2023-01-01,0
2025-12,2025-12-01,RS,17%,0.17,2023-01-01,0
2026-01,2026-01-01,RS,17%,0.17,2023-01-01,0
2026-02,2026-02-01,RS,17%,0.17,2023-01-01,0
2026-03,2026-03-01,RS,17%,0.17,2023-01-01,0
2026-04,2026-04-01,RS,17%,0.17,2023-01-01,0
2026-05,2026-05-01,RS,17%,0.17,2023-01-01,0
2026-06,2026-06-01,RS,17%,0.17,2023-01-01,0
2026-07,2026-07-01,RS,17%,0.17,2023-01-01,0
2026-08,2026-08-01,RS,17%,0.17,2023-01-01,0
2026-09,2026-09-01,RS,17%,0.17,2023-01-01,0
2026-10,2026-10-01,RS,17%,0.17,2023-01-01,0
2023-01,2023-01-01,SC,17%,0.17,2023-01-01,0
2023-02,2023-02-01,SC,17%,0.17,2023-01-01,0
2023-03,2023-03-01,SC,17%,0.17,2023-01-01,0
2023-04,2023-04-01,SC,17%,0.17,2023-01-01,0
2023-05,2023-05-01,SC,17%,0.17,2023-01-01,0
2023-06,2023-06-01,SC,17%,0.17,2023-01-01,0
2023-07,2023-07-01,SC,17%,0.17,2023-01-01,0
2023-08,2023-08-01,SC,17%,0.17,2023-01-01,0
2023-09,2023-09-01,SC,17%,0.17,2023-01-01,0
2023-10,2023-10-01,SC,17%,0.17,2023-01-01,0
2023-11,2023-11-01,SC,17%,0.17,2023-01-01,0
2023-12,2023-12-01,SC,17%,0.17,2023-01-01,0
2024-01,2024-01-01,SC,17%,0.17,2023-01-01,0
2024-02,2024-02-01,SC,17%,0.17,2023-01-01,0
2024-03,2024-03-01,SC,17%,0.17,2023-01-01,0
2024-04,2024-04-01,SC,17%,0.17,2023-01-01,0
2024-05,2024-05-01,SC,17%,0.17,2023-01-01,0
2024-06,2024-06-01,SC,17%,0.17,2023-01-01,0
2024-07,2024-07-01,SC,17%,0.17,2023-01-01,0
2024-08,2024-08-01,SC,17%,0.17,2023-01-01,0
2024-09,2024-09-01,SC,17%,0.17,2023-01-01,0
2024-10,2024-10-01,SC,17%,0.17,2023-01-01,0
2024-11,2024-11-01,SC,17%,0.17,2023-01-01,0
2024-12,2024-12-01,SC,17%,0.17,2023-01-01,0
2025-01,2025-01-01,SC,17%,0.17,2023-01-01,0
2025-02,2025-02-01,SC,17%,0.17,2023-01-01,0
2025-03,2025-03-01,SC,17%,0.17,2023-01-01,0
2025-04,2025-04-01,SC,17%,0.17,2023-01-01,0
2025-05,2025-05-01,SC,17%,0.17,2023-01-01,0
2025-06,2025-06-01,SC,17%,0.17,2023-01-01,0
2025-07,2025-07-01,SC,17%,0.17,2023-01-01,0
2025-08,2025-08-01,SC,17%,0.17,2023-01-01,0
2025-09,2025-09-01,SC,17%,0.17,2023-01-01,0
2025-10,2025-10-01,SC,17%,0.17,2023-01-01,0
2025-11,2025-11-01,SC,17%,0.17,2023-01-01,0
2025-12,2025-12-01,SC,17%,0.17,2023-01-01,0
2026-01,2026-01-01,SC,17%,0.17,2023-01-01,0
2026-02,2026-02-01,SC,17%,0.17,2023-01-01,0
2026-03,2026-03-01,SC,17%,0.17,2023-01-01,0
2026-04,2026-04-01,SC,17%,0.17,2023-01-01,0
2026-05,2026-05-01,SC,17%,0.17,2023-01-01,0
2026-06,2026-06-01,SC,17%,0.17,2023-01-01,0
2026-07,2026-07-01,SC,17%,0.17,2023-01-01,0
2026-08,2026-08-01,SC,17%,0.17,2023-01-01,0
2026-09,2026-09-01,SC,17%,0.17,2023-01-01,0
2026-10,2026-10-01,SC,17%,0.17,2023-01-01,0
2023-01,2023-01-01,SE,19%,0.19,2023-01-01,0
2023-02,2023-02-01,SE,19%,0.19,2023-01-01,0
2023-03,2023-03-01,SE,19%,0.19,2023-01-01,0
2023-04,2023-04-01,SE,19%,0.19,2023-01-01,0
2023-05,2023-05-01,SE,19%,0.19,2023-01-01,0
2023-06,2023-06-01,SE,19%,0.19,2023-01-01,0
2023-07,2023-07-01,SE,19%,0.19,2023-01-01,0
2023-08,2023-08-01,SE,19%,0.19,2023-01-01,0
2023-09,2023-09-01,SE,19%,0.19,2023-01-01,0
2023-10,2023-10-01,SE,19%,0.19,2023-01-01,0
2023-11,2023-11-01,SE,19%,0.19,2023-01-01,0
2023-12,2023-12-01,SE,19%,0.19,2023-01-01,0
2024-01,2024-01-01,SE,19%,0.19,2023-01-01,0
2024-02,2024-02-01,SE,19%,0.19,2023-01-01,0
2024-03,2024-03-01,SE,19%,0.19,2023-01-01,0
2024-04,2024-04-01,SE,19%,0.19,2023-01-01,0
2024-05,2024-05-01,SE,19%,0.19,2023-01-01,0
2024-06,2024-06-01,SE,19%,0.19,2023-01-01,0
2024-07,2024-07-01,SE,19%,0.19,2023-01-01,0
2024-08,2024-08-01,SE,19%,0.19,2023-01-01,0
2024-09,2024-09-01,SE,19%,0.19,2023-01-01,0
2024-10,2024-10-01,SE,19%,0.19,2023-01-01,0
2024-11,2024-11-01,SE,19%,0.19,2023-01-01,0
2024-12,2024-12-01,SE,19%,0.19,2023-01-01,0
2025-01,2025-01-01,SE,19%,0.19,2023-01-01,0
2025-02,2025-02-01,SE,19%,0.19,2023-01-01,0
2025-03,2025-03-01,SE,19%,0.19,2023-01-01,0
2025-04,2025-04-01,SE,19%,0.19,2023-01-01,0
2025-05,2025-05-01,SE,19%,0.19,2023-01-01,0
2025-06,2025-06-01,SE,19%,0.19,2023-01-01,0
2025-07,2025-07-01,SE,19%,0.19,2023-01-01,0
2025-08,2025-08-01,SE,19%,0.19,2023-01-01,0
2025-09,2025-09-01,SE,19%,0.19,2023-01-01,0
2025-10,2025-10-01,SE,19%,0.19,2023-01-01,0
2025-11,2025-11-01,SE,19%,0.19,2023-01-01,0
2025-12,2025-12-01,SE,19%,0.19,2023-01-01,0
2026-01,2026-01-01,SE,19%,0.19,2023-01-01,0
2026-02,2026-02-01,SE,19%,0.19,2023-01-01,0
2026-03,2026-03-01,SE,19%,0.19,2023-01-01,0
2026-04,2026-04-01,SE,19%,0.19,2023-01-01,0
2026-05,2026-05-01,SE,19%,0.19,2023-01-01,0
2026-06,2026-06-01,SE,19%,0.19,2023-01-01,0
2026-07,2026-07-01,SE,19%,0.19,2023-01-01,0
2026-08,2026-08-01,SE,19%,0.19,2023-01-01,0
2026-09,2026-09-01,SE,19%,0.19,2023-01-01,0
2026-10,2026-10-01,SE,19%,0.19,2023-01-01,0
2023-01,2023-01-01,SP,18%,0.18,2023-01-01,0
2023-02,2023-02-01,SP,18%,0.18,2023-01-01,0
2023-03,2023-03-01,SP,18%,0.18,2023-01-01,0
2023-04,2023-04-01,SP,18%,0.18,2023-01-01,0
2023-05,2023-05-01,SP,18%,0.18,2023-01-01,0
2023-06,2023-06-01,SP,18%,0.18,2023-01-01,0
2023-07,2023-07-01,SP,18%,0.18,2023-01-01,0
2023-08,2023-08-01,SP,18%,0.18,2023-01-01,0
2023-09,2023-09-01,SP,18%,0.18,2023-01-01,0
2023-10,2023-10-01,SP,18%,0.18,2023-01-01,0
2023-11,2023-11-01,SP,18%,0.18,2023-01-01,0
2023-12,2023-12-01,SP,18%,0.18,2023-01-01,0
2024-01,2024-01-01,SP,18%,0.18,2023-01-01,0
2024-02,2024-02-01,SP,18%,0.18,2023-01-01,0
2024-03,2024-03-01,SP,18%,0.18,2023-01-01,0
2024-04,2024-04-01,SP,18%,0.18,2023-01-01,0
2024-05,2024-05-01,SP,18%,0.18,2023-01-01,0
2024-06,2024-06-01,SP,18%,0.18,2023-01-01,0
2024-07,2024-07-01,SP,18%,0.18,2023-01-01,0
2024-08,2024-08-01,SP,18%,0.18,2023-01-01,0
2024-09,2024-09-01,SP,18%,0.18,2023-01-01,0
2024-10,2024-10-01,SP,18%,0.18,2023-01-01,0
2024-11,2024-11-01,SP,18%,0.18,2023-01-01,0
2024-12,2024-12-01,SP,18%,0.18,2023-01-01,0
2025-01,2025-01-01,SP,18%,0.18,2023-01-01,0
2025-02,2025-02-01,SP,18%,0.18,2023-01-01,0
2025-03,2025-03-01,SP,18%,0.18,2023-01-01,0
2025-04,2025-04-01,SP,18%,0.18,2023-01-01,0
2025-05,2025-05-01,SP,18%,0.18,2023-01-01,0
2025-06,2025-06-01,SP,18%,0.18,2023-01-01,0
2025-07,2025-07-01,SP,18%,0.18,2023-01-01,0
2025-08,2025-08-01,SP,18%,0.18,2023-01-01,0
2025-09,2025-09-01,SP,18%,0.18,2023-01-01,0
2025-10,2025-10-01,SP,18%,0.18,2023-01-01,0
2025-11,2025-11-01,SP,18%,0.18,2023-01-01,0
2025-12,2025-12-01,SP,18%,0.18,2023-01-01,0
2026-01,2026-01-01,SP,18%,0.18,2023-01-01,0
2026-02,2026-02-01,SP,18%,0.18,2023-01-01,0
2026-03,2026-03-01,SP,18%,0.18,2023-01-01,0
2026-04,2026-04-01,SP,18%,0.18,2023-01-01,0
2026-05,2026-05-01,SP,18%,0.18,2023-01-01,0
2026-06,2026-06-01,SP,18%,0.18,2023-01-01,0
2026-07,2026-07-01,SP,18%,0.18,2023-01-01,0
2026-08,2026-08-01,SP,18%,0.18,2023-01-01,0
2026-09,2026-09-01,SP,18%,0.18,2023-01-01,0
2026-10,2026-10-01,SP,18%,0.18,2023-01-01,0
2024-01,2024-01-01,TO,20%,0.2,2024-01-01,0
2024-02,2024-02-01,TO,20%,0.2,2024-01-01,0
2024-03,2024-03-01,TO,20%,0.2,2024-01-01,0
2024-04,2024-04-01,TO,20%,0.2,2024-01-01,0
2024-05,2024-05-01,TO,20%,0.2,2024-01-01,0
2024-06,2024-06-01,TO,20%,0.2,2024-01-01,0
2024-07,2024-07-01,TO,20%,0.2,2024-01-01,0
2024-08,2024-08-01,TO,20%,0.2,2024-01-01,0
2024-09,2024-09-01,TO,20%,0.2,2024-01-01,0
2024-10,2024-10-01,TO,20%,0.2,2024-01-01,0
2024-11,2024-11-01,TO,20%,0.2,2024-01-01,0
2024-12,2024-12-01,TO,20%,0.2,2024-01-01,0
2025-01,2025-01-01,TO,20%,0.2,2024-01-01,0
2025-02,2025-02-01,TO,20%,0.2,2024-01-01,0
2025-03,2025-03-01,TO,20%,0.2,2024-01-01,0
2025-04,2025-04-01,TO,20%,0.2,2024-01-01,0
2025-05,2025-05-01,TO,20%,0.2,2024-01-01,0
2025-06,2025-06-01,TO,20%,0.2,2024-01-01,0
2025-07,2025-07-01,TO,20%,0.2,2024-01-01,0
2025-08,2025-08-01,TO,20%,0.2,2024-01-01,0
2025-09,2025-09-01,TO,20%,0.2,2024-01-01,0
2025-10,2025-10-01,TO,20%,0.2,2024-01-01,0
2025-11,2025-11-01,TO,20%,0.2,2024-01-01,0
2025-12,2025-12-01,TO,20%,0.2,2024-01-01,0
2026-01,2026-01-01,TO,20%,0.2,2024-01-01,0
2026-02,2026-02-01,TO,20%,0.2,2024-01-01,0
2026-03,2026-03-01,TO,20%,0.2,2024-01-01,0
2026-04,2026-04-01,TO,20%,0.2,2024-01-01,0
2026-05,2026-05-01,TO,20%,0.2,2024-01-01,0
2026-06,2026-06-01,TO,20%,0.2,2024-01-01,0
2026-07,2026-07-01,TO,20%,0.2,2024-01-01,0
2026-08,2026-08-01,TO,20%,0.2,2024-01-01,0
2026-09,2026-09-01,TO,20%,0.2,2024-01-01,0
2026-10,2026-10-01,TO,20%,0.2,2024-01-01,0
