CHAVE_ALIQUOTA,COMPETENCIA,ALIQUOTA_ICMS,ESTADO_UF
2023-01|17%,2023-01,17%,DF
2023-01|17%,2023-01,17%,ES
2023-01|17%,2023-01,17%,MS
2023-01|17%,2023-01,17%,MT
2023-01|17%,2023-01,17%,RS
2023-01|17%,2023-01,17%,SC
2023-01|18%,2023-01,18%,AP
2023-01|18%,2023-01,18%,MG
2023-01|18%,2023-01,18%,SP
2023-01|19%,2023-01,19%,SE
2023-01|20%,2023-01,20%,AM
2023-02|17%,2023-02,17%,DF
2023-02|17%,2023-02,17%,ES
2023-02|17%,2023-02,17%,MS
2023-02|17%,2023-02,17%,MT
2023-02|17%,2023-02,17%,RS
2023-02|17%,2023-02,17%,SC
2023-02|18%,2023-02,18%,AP
2023-02|18%,2023-02,18%,MG
2023-02|18%,2023-02,18%,SP
2023-02|19%,2023-02,19%,SE
2023-02|20%,2023-02,20%,AM
2023-03|17%,2023-03,17%,DF
2023-03|17%,2023-03,17%,ES
2023-03|17%,2023-03,17%,MS
2023-03|17%,2023-03,17%,MT
2023-03|17%,2023-03,17%,RS
2023-03|17%,2023-03,17%,SC
2023-03|18%,2023-03,18%,AP
2023-03|18%,2023-03,18%,MG
2023-03|18%,2023-03,18%,SP
2023-03|19%,2023-03,19%,SE
2023-03|20%,2023-03,20%,AM
2023-04|17%,2023-04,17%,DF
2023-04|17%,2023-04,17%,ES
2023-04|17%,2023-04,17%,MS
2023-04|17%,2023-04,17%,MT
2023-04|17%,2023-04,17%,RS
2023-04|17%,2023-04,17%,SC
2023-04|18%,2023-04,18%,AP
2023-04|18%,2023-04,18%,MG
2023-04|18%,2023-04,18%,SP
2023-04|19%,2023-04,19%,SE
2023-04|20%,2023-04,20%,AM
2023-05|17%,2023-05,17%,DF
2023-05|17%,2023-05,17%,ES
2023-05|17%,2023-05,17%,MS
2023-05|17%,2023-05,17%,MT
2023-05|17%,2023-05,17%,RS
2023-05|17%,2023-05,17%,SC
2023-05|18%,2023-05,18%,AP
2023-05|18%,2023-05,18%,MG
2023-05|18%,2023-05,18%,SP
2023-05|19%,2023-05,19%,SE
2023-05|20%,2023-05,20%,AM
2023-06|17%,2023-06,17%,DF
2023-06|17%,2023-06,17%,ES
2023-06|17%,2023-06,17%,MS
2023-06|17%,2023-06,17%,MT
2023-06|17%,2023-06,17%,RS
2023-06|17%,2023-06,17%,SC
2023-06|18%,2023-06,18%,AP
2023-06|18%,2023-06,18%,MG
2023-06|18%,2023-06,18%,SP
2023-06|19%,2023-06,19%,SE
2023-06|20%,2023-06,20%,AM
2023-07|17%,2023-07,17%,DF
2023-07|17%,2023-07,17%,ES
2023-07|17%,2023-07,17%,MS
2023-07|17%,2023-07,17%,MT
2023-07|17%,2023-07,17%,RS
2023-07|17%,2023-07,17%,SC
2023-07|18%,2023-07,18%,AP
2023-07|18%,2023-07,18%,MG
2023-07|18%,2023-07,18%,SP
2023-07|19%,2023-07,19%,SE
2023-07|20%,2023-07,20%,AM
2023-08|17%,2023-08,17%,DF
2023-08|17%,2023-08,17%,ES
2023-08|17%,2023-08,17%,MS
2023-08|17%,2023-08,17%,MT
2023-08|17%,2023-08,17%,RS
2023-08|17%,2023-08,17%,SC
2023-08|18%,2023-08,18%,AP
2023-08|18%,2023-08,18%,MG
2023-08|18%,2023-08,18%,SP
2023-08|19%,2023-08,19%,SE
2023-08|20%,2023-08,20%,AM
2023-09|17%,2023-09,17%,DF
2023-09|17%,2023-09,17%,ES
2023-09|17%,2023-09,17%,MS
2023-09|17%,2023-09,17%,MT
2023-09|17%,2023-09,17%,RS
2023-09|17%,2023-09,17%,SC
2023-09|18%,2023-09,18%,AP
2023-09|18%,2023-09,18%,MG
2023-09|18%,2023-09,18%,SP
2023-09|19%,2023-09,19%,SE
2023-09|20%,2023-09,20%,AM
2023-10|17%,2023-10,17%,DF
2023-10|17%,2023-10,17%,ES
2023-10|17%,2023-10,17%,MS
2023-10|17%,2023-10,17%,MT
2023-10|17%,2023-10,17%,RS
2023-10|17%,2023-10,17%,SC
2023-10|18%,2023-10,18%,AP
2023-10|18%,2023-10,18%,MG
2023-10|18%,2023-10,18%,SP
2023-10|19%,2023-10,19%,SE
2023-10|20%,2023-10,20%,AM
2023-11|17%,2023-11,17%,DF
2023-11|17%,2023-11,17%,ES
2023-11|17%,2023-11,17%,MS
2023-11|17%,2023-11,17%,MT
2023-11|17%,2023-11,17%,RS
2023-11|17%,2023-11,17%,SC
2023-11|18%,2023-11,18%,AP
2023-11|18%,2023-11,18%,MG
2023-11|18%,2023-11,18%,SP
2023-11|19%,2023-11,19%,SE
2023-11|20%,2023-11,20%,AM
2023-12|17%,2023-12,17%,DF
2023-12|17%,2023-12,17%,ES
2023-12|17%,2023-12,17%,MS
2023-12|17%,2023-12,17%,MT
2023-12|17%,2023-12,17%,RS
2023-12|17%,2023-12,17%,SC
2023-12|18%,2023-12,18%,AP
2023-12|18%,2023-12,18%,MG
2023-12|18%,2023-12,18%,SP
2023-12|19%,2023-12,19%,SE
2023-12|20%,2023-12,20%,AM
2024-01|17%,2024-01,17%,DF
2024-01|17%,2024-01,17%,ES
2024-01|17%,2024-01,17%,MS
2024-01|17%,2024-01,17%,MT
2024-01|17%,2024-01,17%,RS
2024-01|17%,2024-01,17%,SC
2024-01|18%,2024-01,18%,AP
2024-01|18%,2024-01,18%,MG
2024-01|18%,2024-01,18%,SP
2024-01|19%,2024-01,19%,AC
2024-01|19%,2024-01,19%,GO
2024-01|19%,2024-01,19%,PA
2024-01|19%,2024-01,19%,SE
"2024-01|19,5%",2024-01,"19,5%",PR
"2024-01|19,5%",2024-01,"19,5%",RO
2024-01|20%,2024-01,20%,AL
2024-01|20%,2024-01,20%,AM
2024-01|20%,2024-01,20%,CE
2024-01|20%,2024-01,20%,PB
2024-01|20%,2024-01,20%,RR
2024-01|20%,2024-01,20%,TO
"2024-01|20,5%",2024-01,"20,5%",BA
"2024-01|20,5%",2024-01,"20,5%",PE
2024-02|17%,2024-02,17%,DF
2024-02|17%,2024-02,17%,ES
2024-02|17%,2024-02,17%,MS
2024-02|17%,2024-02,17%,MT
2024-02|17%,2024-02,17%,RS
2024-02|17%,2024-02,17%,SC
2024-02|18%,2024-02,18%,AP
2024-02|18%,2024-02,18%,MG
2024-02|18%,2024-02,18%,SP
2024-02|19%,2024-02,19%,AC
2024-02|19%,2024-02,19%,GO
2024-02|19%,2024-02,19%,PA
2024-02|19%,2024-02,19%,SE
"2024-02|19,5%",2024-02,"19,5%",PR
"2024-02|19,5%",2024-02,"19,5%",RO
2024-02|20%,2024-02,20%,AL
2024-02|20%,2024-02,20%,AM
2024-02|20%,2024-02,20%,CE
2024-02|20%,2024-02,20%,PB
2024-02|20%,2024-02,20%,RR
2024-02|20%,2024-02,20%,TO
"2024-02|20,5%",2024-02,"20,5%",BA
"2024-02|20,5%",2024-02,"20,5%",PE
2024-03|17%,2024-03,17%,DF
2024-03|17%,2024-03,17%,ES
2024-03|17%,2024-03,17%,MS
2024-03|17%,2024-03,17%,MT
2024-03|17%,2024-03,17%,RS
2024-03|17%,2024-03,17%,SC
2024-03|18%,2024-03,18%,AP
2024-03|18%,2024-03,18%,MG
2024-03|18%,2024-03,18%,SP
2024-03|19%,2024-03,19%,AC
2024-03|19%,2024-03,19%,GO
2024-03|19%,2024-03,19%,PA
2024-03|19%,2024-03,19%,SE
"2024-03|19,5%",2024-03,"19,5%",PR
"2024-03|19,5%",2024-03,"19,5%",RO
2024-03|20%,2024-03,20%,AL
2024-03|20%,2024-03,20%,AM
2024-03|20%,2024-03,20%,CE
2024-03|20%,2024-03,20%,PB
2024-03|20%,2024-03,20%,RR
2024-03|20%,2024-03,20%,TO
"2024-03|20,5%",2024-03,"20,5%",BA
"2024-03|20,5%",2024-03,"20,5%",PE
2024-04|17%,2024-04,17%,DF
2024-04|17%,2024-04,17%,ES
2024-04|17%,2024-04,17%,MS
2024-04|17%,2024-04,17%,MT
2024-04|17%,2024-04,17%,RS
2024-04|17%,2024-04,17%,SC
2024-04|18%,2024-04,18%,AP
2024-04|18%,2024-04,18%,MG
2024-04|18%,2024-04,18%,SP
2024-04|19%,2024-04,19%,AC
2024-04|19%,2024-04,19%,GO
2024-04|19%,2024-04,19%,PA
2024-04|19%,2024-04,19%,SE
"2024-04|19,5%",2024-04,"19,5%",PR
"2024-04|19,5%",2024-04,"19,5%",RO
2024-04|20%,2024-04,20%,AL
2024-04|20%,2024-04,20%,AM
2024-04|20%,2024-04,20%,CE
2024-04|20%,2024-04,20%,PB
2024-04|20%,2024-04,20%,RR
2024-04|20%,2024-04,20%,TO
"2024-04|20,5%",2024-04,"20,5%",BA
"2024-04|20,5%",2024-04,"20,5%",PE
2024-04|22%,2024-04,22%,RJ
2024-05|17%,2024-05,17%,DF
2024-05|17%,2024-05,17%,ES
2024-05|17%,2024-05,17%,MS
2024-05|17%,2024-05,17%,MT
2024-05|17%,2024-05,17%,RS
2024-05|17%,2024-05,17%,SC
2024-05|18%,2024-05,18%,AP
2024-05|18%,2024-05,18%,MG
2024-05|18%,2024-05,18%,SP
2024-05|19%,2024-05,19%,AC
2024-05|19%,2024-05,19%,GO
2024-05|19%,2024-05,19%,PA
2024-05|19%,2024-05,19%,SE
"2024-05|19,5%",2024-05,"19,5%",PR
"2024-05|19,5%",2024-05,"19,5%",RO
2024-05|20%,2024-05,20%,AL
2024-05|20%,2024-05,20%,AM
2024-05|20%,2024-05,20%,CE
2024-05|20%,2024-05,20%,PB
2024-05|20%,2024-05,20%,RR
2024-05|20%,2024-05,20%,TO
"2024-05|20,5%",2024-05,"20,5%",BA
"2024-05|20,5%",2024-05,"20,5%",PE
2024-05|22%,2024-05,22%,RJ
2024-06|17%,2024-06,17%,DF
2024-06|17%,2024-06,17%,ES
2024-06|17%,2024-06,17%,MS
2024-06|17%,2024-06,17%,MT
2024-06|17%,2024-06,17%,RS
2024-06|17%,2024-06,17%,SC
2024-06|18%,2024-06,18%,AP
2024-06|18%,2024-06,18%,MG
2024-06|18%,2024-06,18%,SP
2024-06|19%,2024-06,19%,AC
2024-06|19%,2024-06,19%,GO
2024-06|19%,2024-06,19%,PA
2024-06|19%,2024-06,19%,SE
"2024-06|19,5%",2024-06,"19,5%",PR
"2024-06|19,5%",2024-06,"19,5%",RO
2024-06|20%,2024-06,20%,AL
2024-06|20%,2024-06,20%,AM
2024-06|20%,2024-06,20%,CE
2024-06|20%,2024-06,20%,PB
2024-06|20%,2024-06,20%,RR
2024-06|20%,2024-06,20%,TO
"2024-06|20,5%",2024-06,"20,5%",BA
"2024-06|20,5%",2024-06,"20,5%",PE
2024-06|22%,2024-06,22%,RJ
2024-07|17%,2024-07,17%,DF
2024-07|17%,2024-07,17%,ES
2024-07|17%,2024-07,17%,MS
2024-07|17%,2024-07,17%,MT
2024-07|17%,2024-07,17%,RS
2024-07|17%,2024-07,17%,SC
2024-07|18%,2024-07,18%,AP
2024-07|18%,2024-07,18%,MG
2024-07|18%,2024-07,18%,SP
2024-07|19%,2024-07,19%,AC
2024-07|19%,2024-07,19%,GO
2024-07|19%,2024-07,19%,PA
2024-07|19%,2024-07,19%,SE
"2024-07|19,5%",2024-07,"19,5%",PR
"2024-07|19,5%",2024-07,"19,5%",RO
2024-07|20%,2024-07,20%,AL
2024-07|20%,2024-07,20%,AM
2024-07|20%,2024-07,20%,CE
2024-07|20%,2024-07,20%,PB
2024-07|20%,2024-07,20%,RR
2024-07|20%,2024-07,20%,TO
"2024-07|20,5%",2024-07,"20,5%",BA
"2024-07|20,5%",2024-07,"20,5%",PE
2024-07|22%,2024-07,22%,RJ
2024-08|17%,2024-08,17%,DF
2024-08|17%,2024-08,17%,ES
2024-08|17%,2024-08,17%,MS
2024-08|17%,2024-08,17%,MT
2024-08|17%,2024-08,17%,RS
2024-08|17%,2024-08,17%,SC
2024-08|18%,2024-08,18%,AP
2024-08|18%,2024-08,18%,MG
2024-08|18%,2024-08,18%,SP
2024-08|19%,2024-08,19%,AC
2024-08|19%,2024-08,19%,GO
2024-08|19%,2024-08,19%,PA
2024-08|19%,2024-08,19%,SE
"2024-08|19,5%",2024-08,"19,5%",PR
"2024-08|19,5%",2024-08,"19,5%",RO
2024-08|20%,2024-08,20%,AL
2024-08|20%,2024-08,20%,AM
2024-08|20%,2024-08,20%,CE
2024-08|20%,2024-08,20%,PB
2024-08|20%,2024-08,20%,RR
2024-08|20%,2024-08,20%,TO
"2024-08|20,5%",2024-08,"20,5%",BA
"2024-08|20,5%",2024-08,"20,5%",PE
2024-08|22%,2024-08,22%,RJ
2024-09|17%,2024-09,17%,DF
2024-09|17%,2024-09,17%,ES
2024-09|17%,2024-09,17%,MS
2024-09|17%,2024-09,17%,MT
2024-09|17%,2024-09,17%,RS
2024-09|17%,2024-09,17%,SC
2024-09|18%,2024-09,18%,AP
2024-09|18%,2024-09,18%,MG
2024-09|18%,2024-09,18%,SP
2024-09|19%,2024-09,19%,AC
2024-09|19%,2024-09,19%,GO
2024-09|19%,2024-09,19%,PA
2024-09|19%,2024-09,19%,SE
"2024-09|19,5%",2024-09,"19,5%",PR
"2024-09|19,5%",2024-09,"19,5%",RO
2024-09|20%,2024-09,20%,AL
2024-09|20%,2024-09,20%,AM
2024-09|20%,2024-09,20%,CE
2024-09|20%,2024-09,20%,PB
2024-09|20%,2024-09,20%,RR
2024-09|20%,2024-09,20%,TO
"2024-09|20,5%",2024-09,"20,5%",BA
"2024-09|20,5%",2024-09,"20,5%",PE
2024-09|22%,2024-09,22%,RJ
2024-10|17%,2024-10,17%,DF
2024-10|17%,2024-10,17%,ES
2024-10|17%,2024-10,17%,MS
2024-10|17%,2024-10,17%,MT
2024-10|17%,2024-10,17%,RS
2024-10|17%,2024-10,17%,SC
2024-10|18%,2024-10,18%,AP
2024-10|18%,2024-10,18%,MG
2024-10|18%,2024-10,18%,SP
2024-10|19%,2024-10,19%,AC
2024-10|19%,2024-10,19%,GO
2024-10|19%,2024-10,19%,PA
2024-10|19%,2024-10,19%,SE
"2024-10|19,5%",2024-10,"19,5%",PR
"2024-10|19,5%",2024-10,"19,5%",RO
2024-10|20%,2024-10,20%,AL
2024-10|20%,2024-10,20%,AM
2024-10|20%,2024-10,20%,CE
2024-10|20%,2024-10,20%,PB
2024-10|20%,2024-10,20%,RR
2024-10|20%,2024-10,20%,TO
"2024-10|20,5%",2024-10,"20,5%",BA
"2024-10|20,5%",2024-10,"20,5%",PE
2024-10|22%,2024-10,22%,RJ
2024-11|17%,2024-11,17%,DF
2024-11|17%,2024-11,17%,ES
2024-11|17%,2024-11,17%,MS
2024-11|17%,2024-11,17%,MT
2024-11|17%,2024-11,17%,RS
2024-11|17%,2024-11,17%,SC
2024-11|18%,2024-11,18%,AP
2024-11|18%,2024-11,18%,MG
2024-11|18%,2024-11,18%,SP
2024-11|19%,2024-11,19%,AC
2024-11|19%,2024-11,19%,GO
2024-11|19%,2024-11,19%,PA
2024-11|19%,2024-11,19%,SE
"2024-11|19,5%",2024-11,"19,5%",PR
"2024-11|19,5%",2024-11,"19,5%",RO
2024-11|20%,2024-11,20%,AL
2024-11|20%,2024-11,20%,AM
2024-11|20%,2024-11,20%,CE
2024-11|20%,2024-11,20%,PB
2024-11|20%,2024-11,20%,RR
2024-11|20%,2024-11,20%,TO
"2024-11|20,5%",2024-11,"20,5%",BA
"2024-11|20,5%",2024-11,"20,5%",PE
2024-11|22%,2024-11,22%,RJ
2024-12|17%,2024-12,17%,DF
2024-12|17%,2024-12,17%,ES
2024-12|17%,2024-12,17%,MS
2024-12|17%,2024-12,17%,MT
2024-12|17%,2024-12,17%,RS
2024-12|17%,2024-12,17%,SC
2024-12|18%,2024-12,18%,AP
2024-12|18%,2024-12,18%,MG
2024-12|18%,2024-12,18%,SP
2024-12|19%,2024-12,19%,AC
2024-12|19%,2024-12,19%,GO
2024-12|19%,2024-12,19%,PA
2024-12|19%,2024-12,19%,SE
"2024-12|19,5%",2024-12,"19,5%",PR
"2024-12|19,5%",2024-12,"19,5%",RO
2024-12|20%,2024-12,20%,AL
2024-12|20%,2024-12,20%,AM
2024-12|20%,2024-12,20%,CE
2024-12|20%,2024-12,20%,PB
2024-12|20%,2024-12,20%,RR
2024-12|20%,2024-12,20%,TO
"2024-12|20,5%",2024-12,"20,5%",BA
"2024-12|20,5%",2024-12,"20,5%",PE
2024-12|22%,2024-12,22%,RJ
2025-01|17%,2025-01,17%,DF
2025-01|17%,2025-01,17%,ES
2025-01|17%,2025-01,17%,MS
2025-01|17%,2025-01,17%,MT
2025-01|17%,2025-01,17%,RS
2025-01|17%,2025-01,17%,SC
2025-01|18%,2025-01,18%,AP
2025-01|18%,2025-01,18%,MG
2025-01|18%,2025-01,18%,SP
2025-01|19%,2025-01,19%,AC
2025-01|19%,2025-01,19%,GO
2025-01|19%,2025-01,19%,PA
2025-01|19%,2025-01,19%,SE
"2025-01|19,5%",2025-01,"19,5%",PR
"2025-01|19,5%",2025-01,"19,5%",RO
2025-01|20%,2025-01,20%,AL
2025-01|20%,2025-01,20%,AM
2025-01|20%,2025-01,20%,CE
2025-01|20%,2025-01,20%,PB
2025-01|20%,2025-01,20%,RR
2025-01|20%,2025-01,20%,TO
"2025-01|20,5%",2025-01,"20,5%",BA
"2025-01|20,5%",2025-01,"20,5%",PE
2025-01|22%,2025-01,22%,RJ
2025-02|17%,2025-02,17%,DF
2025-02|17%,2025-02,17%,ES
2025-02|17%,2025-02,17%,MS
2025-02|17%,2025-02,17%,MT
2025-02|17%,2025-02,17%,RS
2025-02|17%,2025-02,17%,SC
2025-02|18%,2025-02,18%,AP
2025-02|18%,2025-02,18%,MG
2025-02|18%,2025-02,18%,SP
2025-02|19%,2025-02,19%,AC
2025-02|19%,2025-02,19%,GO
2025-02|19%,2025-02,19%,PA
2025-02|19%,2025-02,19%,SE
"2025-02|19,5%",2025-02,"19,5%",PR
"2025-02|19,5%",2025-02,"19,5%",RO
2025-02|20%,2025-02,20%,AL
2025-02|20%,2025-02,20%,AM
2025-02|20%,2025-02,20%,CE
2025-02|20%,2025-02,20%,PB
2025-02|20%,2025-02,20%,RR
2025-02|20%,2025-02,20%,TO
"2025-02|20,5%",2025-02,"20,5%",BA
"2025-02|20,5%",2025-02,"20,5%",PE
2025-02|22%,2025-02,22%,RJ
2025-03|17%,2025-03,17%,DF
2025-03|17%,2025-03,17%,ES
2025-03|17%,2025-03,17%,MS
2025-03|17%,2025-03,17%,MT
2025-03|17%,2025-03,17%,RS
2025-03|17%,2025-03,17%,SC
2025-03|18%,2025-03,18%,AP
2025-03|18%,2025-03,18%,MG
2025-03|18%,2025-03,18%,SP
2025-03|19%,2025-03,19%,AC
2025-03|19%,2025-03,19%,GO
2025-03|19%,2025-03,19%,PA
2025-03|19%,2025-03,19%,SE
"2025-03|19,5%",2025-03,"19,5%",PR
"2025-03|19,5%",2025-03,"19,5%",RO
2025-03|20%,2025-03,20%,AL
2025-03|20%,2025-03,20%,AM
2025-03|20%,2025-03,20%,CE
2025-03|20%,2025-03,20%,PB
2025-03|20%,2025-03,20%,RR
2025-03|20%,2025-03,20%,TO
"2025-03|20,5%",2025-03,"20,5%",BA
"2025-03|20,5%",2025-03,"20,5%",PE
2025-03|22%,2025-03,22%,RJ
2025-03|23%,2025-03,23%,MA
2025-04|17%,2025-04,17%,DF
2025-04|17%,2025-04,17%,ES
2025-04|17%,2025-04,17%,MS
2025-04|17%,2025-04,17%,MT
2025-04|17%,2025-04,17%,RS
2025-04|17%,2025-04,17%,SC
2025-04|18%,2025-04,18%,AP
2025-04|18%,2025-04,18%,MG
2025-04|18%,2025-04,18%,SP
2025-04|19%,2025-04,19%,AC
2025-04|19%,2025-04,19%,GO
2025-04|19%,2025-04,19%,PA
2025-04|19%,2025-04,19%,SE
"2025-04|19,5%",2025-04,"19,5%",PR
"2025-04|19,5%",2025-04,"19,5%",RO
2025-04|20%,2025-04,20%,AL
2025-04|20%,2025-04,20%,AM
2025-04|20%,2025-04,20%,CE
2025-04|20%,2025-04,20%,PB
2025-04|20%,2025-04,20%,RN
2025-04|20%,2025-04,20%,RR
2025-04|20%,2025-04,20%,TO
"2025-04|20,5%",2025-04,"20,5%",BA
"2025-04|20,5%",2025-04,"20,5%",PE
2025-04|22%,2025-04,22%,RJ
"2025-04|22,5%",2025-04,"22,5%",PI
2025-04|23%,2025-04,23%,MA
2025-05|17%,2025-05,17%,DF
2025-05|17%,2025-05,17%,ES
2025-05|17%,2025-05,17%,MS
2025-05|17%,2025-05,17%,MT
2025-05|17%,2025-05,17%,RS
2025-05|17%,2025-05,17%,SC
2025-05|18%,2025-05,18%,AP
2025-05|18%,2025-05,18%,MG
2025-05|18%,2025-05,18%,SP
2025-05|19%,2025-05,19%,AC
2025-05|19%,2025-05,19%,GO
2025-05|19%,2025-05,19%,PA
2025-05|19%,2025-05,19%,SE
"2025-05|19,5%",2025-05,"19,5%",PR
"2025-05|19,5%",2025-05,"19,5%",RO
2025-05|20%,2025-05,20%,AL
2025-05|20%,2025-05,20%,AM
2025-05|20%,2025-05,20%,CE
2025-05|20%,2025-05,20%,PB
2025-05|20%,2025-05,20%,RN
2025-05|20%,2025-05,20%,RR
2025-05|20%,2025-05,20%,TO
"2025-05|20,5%",2025-05,"20,5%",BA
"2025-05|20,5%",2025-05,"20,5%",PE
2025-05|22%,2025-05,22%,RJ
"2025-05|22,5%",2025-05,"22,5%",PI
2025-05|23%,2025-05,23%,MA
2025-06|17%,2025-06,17%,DF
2025-06|17%,2025-06,17%,ES
2025-06|17%,2025-06,17%,MS
2025-06|17%,2025-06,17%,MT
2025-06|17%,2025-06,17%,RS
2025-06|17%,2025-06,17%,SC
2025-06|18%,2025-06,18%,AP
2025-06|18%,2025-06,18%,MG
2025-06|18%,2025-06,18%,SP
2025-06|19%,2025-06,19%,AC
2025-06|19%,2025-06,19%,GO
2025-06|19%,2025-06,19%,PA
2025-06|19%,2025-06,19%,SE
"2025-06|19,5%",2025-06,"19,5%",PR
"2025-06|19,5%",2025-06,"19,5%",RO
2025-06|20%,2025-06,20%,AL
2025-06|20%,2025-06,20%,AM
2025-06|20%,2025-06,20%,CE
2025-06|20%,2025-06,20%,PB
2025-06|20%,2025-06,20%,RN
2025-06|20%,2025-06,20%,RR
2025-06|20%,2025-06,20%,TO
"2025-06|20,5%",2025-06,"20,5%",BA
"2025-06|20,5%",2025-06,"20,5%",PE
2025-06|22%,2025-06,22%,RJ
"2025-06|22,5%",2025-06,"22,5%",PI
2025-06|23%,2025-06,23%,MA
2025-07|17%,2025-07,17%,DF
2025-07|17%,2025-07,17%,ES
2025-07|17%,2025-07,17%,MS
2025-07|17%,2025-07,17%,MT
2025-07|17%,2025-07,17%,RS
2025-07|17%,2025-07,17%,SC
2025-07|18%,2025-07,18%,AP
2025-07|18%,2025-07,18%,MG
2025-07|18%,2025-07,18%,SP
2025-07|19%,2025-07,19%,AC
2025-07|19%,2025-07,19%,GO
2025-07|19%,2025-07,19%,PA
2025-07|19%,2025-07,19%,SE
"2025-07|19,5%",2025-07,"19,5%",PR
"2025-07|19,5%",2025-07,"19,5%",RO
2025-07|20%,2025-07,20%,AL
2025-07|20%,2025-07,20%,AM
2025-07|20%,2025-07,20%,CE
2025-07|20%,2025-07,20%,PB
2025-07|20%,2025-07,20%,RN
2025-07|20%,2025-07,20%,RR
2025-07|20%,2025-07,20%,TO
"2025-07|20,5%",2025-07,"20,5%",BA
"2025-07|20,5%",2025-07,"20,5%",PE
2025-07|22%,2025-07,22%,RJ
"2025-07|22,5%",2025-07,"22,5%",PI
2025-07|23%,2025-07,23%,MA
2025-08|17%,2025-08,17%,DF
2025-08|17%,2025-08,17%,ES
2025-08|17%,2025-08,17%,MS
2025-08|17%,2025-08,17%,MT
2025-08|17%,2025-08,17%,RS
2025-08|17%,2025-08,17%,SC
2025-08|18%,2025-08,18%,AP
2025-08|18%,2025-08,18%,MG
2025-08|18%,2025-08,18%,SP
2025-08|19%,2025-08,19%,AC
2025-08|19%,2025-08,19%,GO
2025-08|19%,2025-08,19%,PA
2025-08|19%,2025-08,19%,SE
"2025-08|19,5%",2025-08,"19,5%",PR
"2025-08|19,5%",2025-08,"19,5%",RO
2025-08|20%,2025-08,20%,AL
2025-08|20%,2025-08,20%,AM
2025-08|20%,2025-08,20%,CE
2025-08|20%,2025-08,20%,PB
2025-08|20%,2025-08,20%,RN
2025-08|20%,2025-08,20%,RR
2025-08|20%,2025-08,20%,TO
"2025-08|20,5%",2025-08,"20,5%",BA
"2025-08|20,5%",2025-08,"20,5%",PE
2025-08|22%,2025-08,22%,RJ
"2025-08|22,5%",2025-08,"22,5%",PI
2025-08|23%,2025-08,23%,MA
2025-09|17%,2025-09,17%,DF
2025-09|17%,2025-09,17%,ES
2025-09|17%,2025-09,17%,MS
2025-09|17%,2025-09,17%,MT
2025-09|17%,2025-09,17%,RS
2025-09|17%,2025-09,17%,SC
2025-09|18%,2025-09,18%,AP
2025-09|18%,2025-09,18%,MG
2025-09|18%,2025-09,18%,SP
2025-09|19%,2025-09,19%,AC
2025-09|19%,2025-09,19%,GO
2025-09|19%,2025-09,19%,PA
2025-09|19%,2025-09,19%,SE
"2025-09|19,5%",2025-09,"19,5%",PR
"2025-09|19,5%",2025-09,"19,5%",RO
2025-09|20%,2025-09,20%,AL
2025-09|20%,2025-09,20%,AM
2025-09|20%,2025-09,20%,CE
2025-09|20%,2025-09,20%,PB
2025-09|20%,2025-09,20%,RN
2025-09|20%,2025-09,20%,RR
2025-09|20%,2025-09,20%,TO
"2025-09|20,5%",2025-09,"20,5%",BA
"2025-09|20,5%",2025-09,"20,5%",PE
2025-09|22%,2025-09,22%,RJ
"2025-09|22,5%",2025-09,"22,5%",PI
2025-09|23%,2025-09,23%,MA
2025-10|17%,2025-10,17%,DF
2025-10|17%,2025-10,17%,ES
2025-10|17%,2025-10,17%,MS
2025-10|17%,2025-10,17%,MT
2025-10|17%,2025-10,17%,RS
2025-10|17%,2025-10,17%,SC
2025-10|18%,2025-10,18%,AP
2025-10|18%,2025-10,18%,MG
2025-10|18%,2025-10,18%,SP
2025-10|19%,2025-10,19%,AC
2025-10|19%,2025-10,19%,GO
2025-10|19%,2025-10,19%,PA
2025-10|19%,2025-10,19%,SE
"2025-10|19,5%",2025-10,"19,5%",PR
"2025-10|19,5%",2025-10,"19,5%",RO
2025-10|20%,2025-10,20%,AL
2025-10|20%,2025-10,20%,AM
2025-10|20%,2025-10,20%,CE
2025-10|20%,2025-10,20%,PB
2025-10|20%,2025-10,20%,RN
2025-10|20%,2025-10,20%,RR
2025-10|20%,2025-10,20%,TO
"2025-10|20,5%",2025-10,"20,5%",BA
"2025-10|20,5%",2025-10,"20,5%",PE
2025-10|22%,2025-10,22%,RJ
"2025-10|22,5%",2025-10,"22,5%",PI
2025-10|23%,2025-10,23%,MA
2025-11|17%,2025-11,17%,DF
2025-11|17%,2025-11,17%,ES
2025-11|17%,2025-11,17%,MS
2025-11|17%,2025-11,17%,MT
2025-11|17%,2025-11,17%,RS
2025-11|17%,2025-11,17%,SC
2025-11|18%,2025-11,18%,AP
2025-11|18%,2025-11,18%,MG
2025-11|18%,2025-11,18%,SP
2025-11|19%,2025-11,19%,AC
2025-11|19%,2025-11,19%,GO
2025-11|19%,2025-11,19%,PA
2025-11|19%,2025-11,19%,SE
"2025-11|19,5%",2025-11,"19,5%",PR
"2025-11|19,5%",2025-11,"19,5%",RO
2025-11|20%,2025-11,20%,AL
2025-11|20%,2025-11,20%,AM
2025-11|20%,2025-11,20%,CE
2025-11|20%,2025-11,20%,PB
2025-11|20%,2025-11,20%,RN
2025-11|20%,2025-11,20%,RR
2025-11|20%,2025-11,20%,TO
"2025-11|20,5%",2025-11,"20,5%",BA
"2025-11|20,5%",2025-11,"20,5%",PE
2025-11|22%,2025-11,22%,RJ
"2025-11|22,5%",2025-11,"22,5%",PI
2025-11|23%,2025-11,23%,MA
2025-12|17%,2025-12,17%,DF
2025-12|17%,2025-12,17%,ES
2025-12|17%,2025-12,17%,MS
2025-12|17%,2025-12,17%,MT
2025-12|17%,2025-12,17%,RS
2025-12|17%,2025-12,17%,SC
2025-12|18%,2025-12,18%,AP
2025-12|18%,2025-12,18%,MG
2025-12|18%,2025-12,18%,SP
2025-12|19%,2025-12,19%,AC
2025-12|19%,2025-12,19%,GO
2025-12|19%,2025-12,19%,PA
2025-12|19%,2025-12,19%,SE
"2025-12|19,5%",2025-12,"19,5%",PR
"2025-12|19,5%",2025-12,"19,5%",RO
2025-12|20%,2025-12,20%,AL
2025-12|20%,2025-12,20%,AM
2025-12|20%,2025-12,20%,CE
2025-12|20%,2025-12,20%,PB
2025-12|20%,2025-12,20%,RN
2025-12|20%,2025-12,20%,RR
2025-12|20%,2025-12,20%,TO
"2025-12|20,5%",2025-12,"20,5%",BA
"2025-12|20,5%",2025-12,"20,5%",PE
2025-12|22%,2025-12,22%,RJ
"2025-12|22,5%",2025-12,"22,5%",PI
2025-12|23%,2025-12,23%,MA
2026-01|17%,2026-01,17%,DF
2026-01|17%,2026-01,17%,ES
2026-01|17%,2026-01,17%,MS
2026-01|17%,2026-01,17%,MT
2026-01|17%,2026-01,17%,RS
2026-01|17%,2026-01,17%,SC
2026-01|18%,2026-01,18%,AP
2026-01|18%,2026-01,18%,MG
2026-01|18%,2026-01,18%,SP
2026-01|19%,2026-01,19%,AC
2026-01|19%,2026-01,19%,GO
2026-01|19%,2026-01,19%,PA
2026-01|19%,2026-01,19%,SE
"2026-01|19,5%",2026-01,"19,5%",PR
"2026-01|19,5%",2026-01,"19,5%",RO
2026-01|20%,2026-01,20%,AL
2026-01|20%,2026-01,20%,AM
2026-01|20%,2026-01,20%,CE
2026-01|20%,2026-01,20%,PB
2026-01|20%,2026-01,20%,RN
2026-01|20%,2026-01,20%,RR
2026-01|20%,2026-01,20%,TO
"2026-01|20,5%",2026-01,"20,5%",BA
"2026-01|20,5%",2026-01,"20,5%",PE
2026-01|22%,2026-01,22%,RJ
"2026-01|22,5%",2026-01,"22,5%",PI
2026-01|23%,2026-01,23%,MA
2026-02|17%,2026-02,17%,DF
2026-02|17%,2026-02,17%,ES
2026-02|17%,2026-02,17%,MS
2026-02|17%,2026-02,17%,MT
2026-02|17%,2026-02,17%,RS
2026-02|17%,2026-02,17%,SC
2026-02|18%,2026-02,18%,AP
2026-02|18%,2026-02,18%,MG
2026-02|18%,2026-02,18%,SP
2026-02|19%,2026-02,19%,AC
2026-02|19%,2026-02,19%,GO
2026-02|19%,2026-02,19%,PA
2026-02|19%,2026-02,19%,SE
"2026-02|19,5%",2026-02,"19,5%",PR
"2026-02|19,5%",2026-02,"19,5%",RO
2026-02|20%,2026-02,20%,AL
2026-02|20%,2026-02,20%,AM
2026-02|20%,2026-02,20%,CE
2026-02|20%,2026-02,20%,PB
2026-02|20%,2026-02,20%,RN
2026-02|20%,2026-02,20%,RR
2026-02|20%,2026-02,20%,TO
"2026-02|20,5%",2026-02,"20,5%",BA
"2026-02|20,5%",2026-02,"20,5%",PE
2026-02|22%,2026-02,22%,RJ
"2026-02|22,5%",2026-02,"22,5%",PI
2026-02|23%,2026-02,23%,MA
2026-03|17%,2026-03,17%,DF
2026-03|17%,2026-03,17%,ES
2026-03|17%,2026-03,17%,MS
2026-03|17%,2026-03,17%,MT
2026-03|17%,2026-03,17%,RS
2026-03|17%,2026-03,17%,SC
2026-03|18%,2026-03,18%,AP
2026-03|18%,2026-03,18%,MG
2026-03|18%,2026-03,18%,SP
2026-03|19%,2026-03,19%,AC
2026-03|19%,2026-03,19%,GO
2026-03|19%,2026-03,19%,PA
2026-03|19%,2026-03,19%,SE
"2026-03|19,5%",2026-03,"19,5%",PR
"2026-03|19,5%",2026-03,"19,5%",RO
2026-03|20%,2026-03,20%,AL
2026-03|20%,2026-03,20%,AM
2026-03|20%,2026-03,20%,CE
2026-03|20%,2026-03,20%,PB
2026-03|20%,2026-03,20%,RN
2026-03|20%,2026-03,20%,RR
2026-03|20%,2026-03,20%,TO
"2026-03|20,5%",2026-03,"20,5%",BA
"2026-03|20,5%",2026-03,"20,5%",PE
2026-03|22%,2026-03,22%,RJ
"2026-03|22,5%",2026-03,"22,5%",PI
2026-03|23%,2026-03,23%,MA
2026-04|17%,2026-04,17%,DF
2026-04|17%,2026-04,17%,ES
2026-04|17%,2026-04,17%,MS
2026-04|17%,2026-04,17%,MT
2026-04|17%,2026-04,17%,RS
2026-04|17%,2026-04,17%,SC
2026-04|18%,2026-04,18%,AP
2026-04|18%,2026-04,18%,MG
2026-04|18%,2026-04,18%,SP
2026-04|19%,2026-04,19%,AC
2026-04|19%,2026-04,19%,GO
2026-04|19%,2026-04,19%,PA
2026-04|19%,2026-04,19%,SE
"2026-04|19,5%",2026-04,"19,5%",PR
"2026-04|19,5%",2026-04,"19,5%",RO
2026-04|20%,2026-04,20%,AL
2026-04|20%,2026-04,20%,AM
2026-04|20%,2026-04,20%,CE
2026-04|20%,2026-04,20%,PB
2026-04|20%,2026-04,20%,RN
2026-04|20%,2026-04,20%,RR
2026-04|20%,2026-04,20%,TO
"2026-04|20,5%",2026-04,"20,5%",BA
"2026-04|20,5%",2026-04,"20,5%",PE
2026-04|22%,2026-04,22%,RJ
"2026-04|22,5%",2026-04,"22,5%",PI
2026-04|23%,2026-04,23%,MA
2026-05|17%,2026-05,17%,DF
2026-05|17%,2026-05,17%,ES
2026-05|17%,2026-05,17%,MS
2026-05|17%,2026-05,17%,MT
2026-05|17%,2026-05,17%,RS
2026-05|17%,2026-05,17%,SC
2026-05|18%,2026-05,18%,AP
2026-05|18%,2026-05,18%,MG
2026-05|18%,2026-05,18%,SP
2026-05|19%,2026-05,19%,AC
2026-05|19%,2026-05,19%,GO
2026-05|19%,2026-05,19%,PA
2026-05|19%,2026-05,19%,SE
"2026-05|19,5%",2026-05,"19,5%",PR
"2026-05|19,5%",2026-05,"19,5%",RO
2026-05|20%,2026-05,20%,AL
2026-05|20%,2026-05,20%,AM
2026-05|20%,2026-05,20%,CE
2026-05|20%,2026-05,20%,PB
2026-05|20%,2026-05,20%,RN
2026-05|20%,2026-05,20%,RR
2026-05|20%,2026-05,20%,TO
"2026-05|20,5%",2026-05,"20,5%",BA
"2026-05|20,5%",2026-05,"20,5%",PE
2026-05|22%,2026-05,22%,RJ
"2026-05|22,5%",2026-05,"22,5%",PI
2026-05|23%,2026-05,23%,MA
2026-06|17%,2026-06,17%,DF
2026-06|17%,2026-06,17%,ES
2026-06|17%,2026-06,17%,MS
2026-06|17%,2026-06,17%,MT
2026-06|17%,2026-06,17%,RS
2026-06|17%,2026-06,17%,SC
2026-06|18%,2026-06,18%,AP
2026-06|18%,2026-06,18%,MG
2026-06|18%,2026-06,18%,SP
2026-06|19%,2026-06,19%,AC
2026-06|19%,2026-06,19%,GO
2026-06|19%,2026-06,19%,PA
2026-06|19%,2026-06,19%,SE
"2026-06|19,5%",2026-06,"19,5%",PR
"2026-06|19,5%",2026-06,"19,5%",RO
2026-06|20%,2026-06,20%,AL
2026-06|20%,2026-06,20%,AM
2026-06|20%,2026-06,20%,CE
2026-06|20%,2026-06,20%,PB
2026-06|20%,2026-06,20%,RN
2026-06|20%,2026-06,20%,RR
2026-06|20%,2026-06,20%,TO
"2026-06|20,5%",2026-06,"20,5%",BA
"2026-06|20,5%",2026-06,"20,5%",PE
2026-06|22%,2026-06,22%,RJ
"2026-06|22,5%",2026-06,"22,5%",PI
2026-06|23%,2026-06,23%,MA
2026-07|17%,2026-07,17%,DF
2026-07|17%,2026-07,17%,ES
2026-07|17%,2026-07,17%,MS
2026-07|17%,2026-07,17%,MT
2026-07|17%,2026-07,17%,RS
2026-07|17%,2026-07,17%,SC
2026-07|18%,2026-07,18%,AP
2026-07|18%,2026-07,18%,MG
2026-07|18%,2026-07,18%,SP
2026-07|19%,2026-07,19%,AC
2026-07|19%,2026-07,19%,GO
2026-07|19%,2026-07,19%,PA
2026-07|19%,2026-07,19%,SE
"2026-07|19,5%",2026-07,"19,5%",PR
"2026-07|19,5%",2026-07,"19,5%",RO
2026-07|20%,2026-07,20%,AL
2026-07|20%,2026-07,20%,AM
2026-07|20%,2026-07,20%,CE
2026-07|20%,2026-07,20%,PB
2026-07|20%,2026-07,20%,RN
2026-07|20%,2026-07,20%,RR
2026-07|20%,2026-07,20%,TO
"2026-07|20,5%",2026-07,"20,5%",BA
"2026-07|20,5%",2026-07,"20,5%",PE
2026-07|22%,2026-07,22%,RJ
"2026-07|22,5%",2026-07,"22,5%",PI
2026-07|23%,2026-07,23%,MA
2026-08|17%,2026-08,17%,DF
2026-08|17%,2026-08,17%,ES
2026-08|17%,2026-08,17%,MS
2026-08|17%,2026-08,17%,MT
2026-08|17%,2026-08,17%,RS
2026-08|17%,2026-08,17%,SC
2026-08|18%,2026-08,18%,AP
2026-08|18%,2026-08,18%,MG
2026-08|18%,2026-08,18%,SP
2026-08|19%,2026-08,19%,AC
2026-08|19%,2026-08,19%,GO
2026-08|19%,2026-08,19%,PA
2026-08|19%,2026-08,19%,SE
"2026-08|19,5%",2026-08,"19,5%",PR
"2026-08|19,5%",2026-08,"19,5%",RO
2026-08|20%,2026-08,20%,AL
2026-08|20%,2026-08,20%,AM
2026-08|20%,2026-08,20%,CE
2026-08|20%,2026-08,20%,PB
2026-08|20%,2026-08,20%,RN
2026-08|20%,2026-08,20%,RR
2026-08|20%,2026-08,20%,TO
"2026-08|20,5%",2026-08,"20,5%",BA
"2026-08|20,5%",2026-08,"20,5%",PE
2026-08|22%,2026-08,22%,RJ
"2026-08|22,5%",2026-08,"22,5%",PI
2026-08|23%,2026-08,23%,MA
2026-09|17%,2026-09,17%,DF
2026-09|17%,2026-09,17%,ES
2026-09|17%,2026-09,17%,MS
2026-09|17%,2026-09,17%,MT
2026-09|17%,2026-09,17%,RS
2026-09|17%,2026-09,17%,SC
2026-09|18%,2026-09,18%,AP
2026-09|18%,2026-09,18%,MG
2026-09|18%,2026-09,18%,SP
2026-09|19%,2026-09,19%,AC
2026-09|19%,2026-09,19%,GO
2026-09|19%,2026-09,19%,PA
2026-09|19%,2026-09,19%,SE
"2026-09|19,5%",2026-09,"19,5%",PR
"2026-09|19,5%",2026-09,"19,5%",RO
2026-09|20%,2026-09,20%,AL
2026-09|20%,2026-09,20%,AM
2026-09|20%,2026-09,20%,CE
2026-09|20%,2026-09,20%,PB
2026-09|20%,2026-09,20%,RN
2026-09|20%,2026-09,20%,RR
2026-09|20%,2026-09,20%,TO
"2026-09|20,5%",2026-09,"20,5%",BA
"2026-09|20,5%",2026-09,"20,5%",PE
2026-09|22%,2026-09,22%,RJ
"2026-09|22,5%",2026-09,"22,5%",PI
2026-09|23%,2026-09,23%,MA
2026-10|17%,2026-10,17%,DF
2026-10|17%,2026-10,17%,ES
2026-10|17%,2026-10,17%,MS
2026-10|17%,2026-10,17%,MT
2026-10|17%,2026-10,17%,RS
2026-10|17%,2026-10,17%,SC
2026-10|18%,2026-10,18%,AP
2026-10|18%,2026-10,18%,MG
2026-10|18%,2026-10,18%,SP
2026-10|19%,2026-10,19%,AC
2026-10|19%,2026-10,19%,GO
2026-10|19%,2026-10,19%,PA
2026-10|19%,2026-10,19%,SE
"2026-10|19,5%",2026-10,"19,5%",PR
"2026-10|19,5%",2026-10,"19,5%",RO
2026-10|20%,2026-10,20%,AL
2026-10|20%,2026-10,20%,AM
2026-10|20%,2026-10,20%,CE
2026-10|20%,2026-10,20%,PB
2026-10|20%,2026-10,20%,RN
2026-10|20%,2026-10,20%,RR
2026-10|20%,2026-10,20%,TO
"2026-10|20,5%",2026-10,"20,5%",BA
"2026-10|20,5%",2026-10,"20,5%",PE
2026-10|22%,2026-10,22%,RJ
"2026-10|22,5%",2026-10,"22,5%",PI
2026-10|23%,2026-10,23%,MA
